-- =====================================================
-- seed_large.sql — Expanded dummy data
-- =====================================================
START TRANSACTION;
INSERT INTO stadium (stadium_id, name, city, capacity, roofed, opened_date) VALUES (1, 'Daegu Samsung Lions Park', 'Daegu', 21824, FALSE, '2016-03-19 00:00:00');
INSERT INTO stadium (stadium_id, name, city, capacity, roofed, opened_date) VALUES (2, 'Jamsil Baseball Stadium', 'Seoul', 20409, FALSE, '1982-07-15 00:00:00');
INSERT INTO stadium (stadium_id, name, city, capacity, roofed, opened_date) VALUES (3, 'Incheon SSG Landers Field', 'Incheon', 24506, FALSE, '2002-03-23 00:00:00');
INSERT INTO stadium (stadium_id, name, city, capacity, roofed, opened_date) VALUES (4, 'Sajik Baseball Stadium', 'Busan', 24012, FALSE, '1985-10-16 00:00:00');
INSERT INTO stadium (stadium_id, name, city, capacity, roofed, opened_date) VALUES (5, 'Gwangju-KIA Champions Field', 'Gwangju', 23657, FALSE, '2014-03-08 00:00:00');
INSERT INTO stadium (stadium_id, name, city, capacity, roofed, opened_date) VALUES (6, 'Daejeon Hanwha Life Eagles Park', 'Daejeon', 22286, FALSE, '1964-09-01 00:00:00');
INSERT INTO stadium (stadium_id, name, city, capacity, roofed, opened_date) VALUES (7, 'Gocheok Sky Dome', 'Seoul', 21679, FALSE, '2015-11-01 00:00:00');
INSERT INTO stadium (stadium_id, name, city, capacity, roofed, opened_date) VALUES (8, 'Changwon NC Park', 'Changwon', 28935, FALSE, '2019-03-18 00:00:00');
INSERT INTO stadium (stadium_id, name, city, capacity, roofed, opened_date) VALUES (9, 'Suwon KT Wiz Park', 'Suwon', 21424, FALSE, '1989-10-03 00:00:00');
INSERT INTO team (team_id, name, city, founded_date, mascot, color, stadium_id) VALUES (1, 'Samsung Lions', 'Daegu', '1982-01-01 00:00:00', 'Mascot', 'Color', 1);
INSERT INTO team (team_id, name, city, founded_date, mascot, color, stadium_id) VALUES (2, 'Doosan Bears', 'Seoul', '1982-01-01 00:00:00', 'Mascot', 'Color', 2);
INSERT INTO team (team_id, name, city, founded_date, mascot, color, stadium_id) VALUES (3, 'LG Twins', 'Seoul', '1982-01-01 00:00:00', 'Mascot', 'Color', 2);
INSERT INTO team (team_id, name, city, founded_date, mascot, color, stadium_id) VALUES (4, 'SSG Landers', 'Incheon', '1982-01-01 00:00:00', 'Mascot', 'Color', 3);
INSERT INTO team (team_id, name, city, founded_date, mascot, color, stadium_id) VALUES (5, 'Lotte Giants', 'Busan', '1982-01-01 00:00:00', 'Mascot', 'Color', 4);
INSERT INTO team (team_id, name, city, founded_date, mascot, color, stadium_id) VALUES (6, 'KIA Tigers', 'Gwangju', '1982-01-01 00:00:00', 'Mascot', 'Color', 5);
INSERT INTO team (team_id, name, city, founded_date, mascot, color, stadium_id) VALUES (7, 'Hanwha Eagles', 'Daejeon', '1982-01-01 00:00:00', 'Mascot', 'Color', 6);
INSERT INTO team (team_id, name, city, founded_date, mascot, color, stadium_id) VALUES (8, 'Kiwoom Heroes', 'Seoul', '1982-01-01 00:00:00', 'Mascot', 'Color', 7);
INSERT INTO team (team_id, name, city, founded_date, mascot, color, stadium_id) VALUES (9, 'NC Dinos', 'Changwon', '1982-01-01 00:00:00', 'Mascot', 'Color', 8);
INSERT INTO team (team_id, name, city, founded_date, mascot, color, stadium_id) VALUES (10, 'KT Wiz', 'Suwon', '1982-01-01 00:00:00', 'Mascot', 'Color', 9);
INSERT INTO category (category_id, name) VALUES (1, '자유');
INSERT INTO category (category_id, name) VALUES (2, '공지');
INSERT INTO category (category_id, name) VALUES (3, '직관후기');
INSERT INTO category (category_id, name) VALUES (4, '팀분석');
INSERT INTO category (category_id, name) VALUES (5, '거래');
INSERT INTO category (category_id, name) VALUES (6, '잡담');
INSERT INTO friend_city (friend_city_id, name) VALUES (1, '서울');
INSERT INTO friend_city (friend_city_id, name) VALUES (2, '부산');
INSERT INTO friend_city (friend_city_id, name) VALUES (3, '대구');
INSERT INTO friend_city (friend_city_id, name) VALUES (4, '인천');
INSERT INTO friend_city (friend_city_id, name) VALUES (5, '광주');
INSERT INTO friend_city (friend_city_id, name) VALUES (6, '대전');
INSERT INTO friend_city (friend_city_id, name) VALUES (7, '수원');
INSERT INTO friend_city (friend_city_id, name) VALUES (8, '울산');
INSERT INTO friend_city (friend_city_id, name) VALUES (9, '창원');
INSERT INTO friend_city (friend_city_id, name) VALUES (10, '제주');
INSERT INTO admin (user_id, login_id, login_pw, created_at, updated_at, is_deleted) VALUES (1, 'admin', 'admin_pw_hash', CURRENT_TIMESTAMP, NULL, FALSE);
INSERT INTO user (user_id, team_id, login_id, login_pw, email, name, nickname, gender, birth_date, point, created_at, updated_at, is_deleted) VALUES (1, 10, 'user1', '$2y$10$hashhashhashhashhashhashhashhashhashhash', 'user1@ex.com', 'User1 Name', 'u1', 'F', '1990-09-18 00:00:00', 15, CURRENT_TIMESTAMP, NULL, FALSE);
INSERT INTO user (user_id, team_id, login_id, login_pw, email, name, nickname, gender, birth_date, point, created_at, updated_at, is_deleted) VALUES (2, 2, 'user2', '$2y$10$hashhashhashhashhashhashhashhashhashhash', 'user2@ex.com', 'User2 Name', 'u2', 'M', '1995-03-21 00:00:00', 258, CURRENT_TIMESTAMP, NULL, FALSE);
INSERT INTO user (user_id, team_id, login_id, login_pw, email, name, nickname, gender, birth_date, point, created_at, updated_at, is_deleted) VALUES (3, 10, 'user3', '$2y$10$hashhashhashhashhashhashhashhashhashhash', 'user3@ex.com', 'User3 Name', 'u3', 'M', '2002-08-03 00:00:00', 101, CURRENT_TIMESTAMP, NULL, FALSE);
INSERT INTO user (user_id, team_id, login_id, login_pw, email, name, nickname, gender, birth_date, point, created_at, updated_at, is_deleted) VALUES (4, 9, 'user4', '$2y$10$hashhashhashhashhashhashhashhashhashhash', 'user4@ex.com', 'User4 Name', 'u4', 'F', '1994-12-11 00:00:00', 229, CURRENT_TIMESTAMP, NULL, FALSE);
INSERT INTO user (user_id, team_id, login_id, login_pw, email, name, nickname, gender, birth_date, point, created_at, updated_at, is_deleted) VALUES (5, 10, 'user5', '$2y$10$hashhashhashhashhashhashhashhashhashhash', 'user5@ex.com', 'User5 Name', 'u5', 'F', '1990-02-23 00:00:00', 388, CURRENT_TIMESTAMP, NULL, FALSE);
INSERT INTO user (user_id, team_id, login_id, login_pw, email, name, nickname, gender, birth_date, point, created_at, updated_at, is_deleted) VALUES (6, 3, 'user6', '$2y$10$hashhashhashhashhashhashhashhashhashhash', 'user6@ex.com', 'User6 Name', 'u6', 'F', '1997-08-19 00:00:00', 142, CURRENT_TIMESTAMP, NULL, FALSE);
INSERT INTO user (user_id, team_id, login_id, login_pw, email, name, nickname, gender, birth_date, point, created_at, updated_at, is_deleted) VALUES (7, 3, 'user7', '$2y$10$hashhashhashhashhashhashhashhashhashhash', 'user7@ex.com', 'User7 Name', 'u7', 'M', '1997-07-20 00:00:00', 52, CURRENT_TIMESTAMP, NULL, FALSE);
INSERT INTO user (user_id, team_id, login_id, login_pw, email, name, nickname, gender, birth_date, point, created_at, updated_at, is_deleted) VALUES (8, 2, 'user8', '$2y$10$hashhashhashhashhashhashhashhashhashhash', 'user8@ex.com', 'User8 Name', 'u8', 'F', '1992-03-03 00:00:00', 183, CURRENT_TIMESTAMP, NULL, FALSE);
INSERT INTO user (user_id, team_id, login_id, login_pw, email, name, nickname, gender, birth_date, point, created_at, updated_at, is_deleted) VALUES (9, 6, 'user9', '$2y$10$hashhashhashhashhashhashhashhashhashhash', 'user9@ex.com', 'User9 Name', 'u9', 'F', '1990-12-22 00:00:00', 373, CURRENT_TIMESTAMP, NULL, FALSE);
INSERT INTO user (user_id, team_id, login_id, login_pw, email, name, nickname, gender, birth_date, point, created_at, updated_at, is_deleted) VALUES (10, 8, 'user10', '$2y$10$hashhashhashhashhashhashhashhashhashhash', 'user10@ex.com', 'User10 Name', 'u10', 'M', '1998-06-28 00:00:00', 40, CURRENT_TIMESTAMP, NULL, FALSE);
INSERT INTO user (user_id, team_id, login_id, login_pw, email, name, nickname, gender, birth_date, point, created_at, updated_at, is_deleted) VALUES (11, 9, 'user11', '$2y$10$hashhashhashhashhashhashhashhashhashhash', 'user11@ex.com', 'User11 Name', 'u11', 'F', '2004-02-06 00:00:00', 316, CURRENT_TIMESTAMP, NULL, FALSE);
INSERT INTO user (user_id, team_id, login_id, login_pw, email, name, nickname, gender, birth_date, point, created_at, updated_at, is_deleted) VALUES (12, 6, 'user12', '$2y$10$hashhashhashhashhashhashhashhashhashhash', 'user12@ex.com', 'User12 Name', 'u12', 'M', '1991-07-24 00:00:00', 23, CURRENT_TIMESTAMP, NULL, FALSE);
INSERT INTO user (user_id, team_id, login_id, login_pw, email, name, nickname, gender, birth_date, point, created_at, updated_at, is_deleted) VALUES (13, 4, 'user13', '$2y$10$hashhashhashhashhashhashhashhashhashhash', 'user13@ex.com', 'User13 Name', 'u13', 'F', '1991-10-16 00:00:00', 437, CURRENT_TIMESTAMP, NULL, FALSE);
INSERT INTO user (user_id, team_id, login_id, login_pw, email, name, nickname, gender, birth_date, point, created_at, updated_at, is_deleted) VALUES (14, 4, 'user14', '$2y$10$hashhashhashhashhashhashhashhashhashhash', 'user14@ex.com', 'User14 Name', 'u14', 'M', '1998-07-11 00:00:00', 142, CURRENT_TIMESTAMP, NULL, FALSE);
INSERT INTO user (user_id, team_id, login_id, login_pw, email, name, nickname, gender, birth_date, point, created_at, updated_at, is_deleted) VALUES (15, 8, 'user15', '$2y$10$hashhashhashhashhashhashhashhashhashhash', 'user15@ex.com', 'User15 Name', 'u15', 'F', '1993-08-25 00:00:00', 189, CURRENT_TIMESTAMP, NULL, FALSE);
INSERT INTO user (user_id, team_id, login_id, login_pw, email, name, nickname, gender, birth_date, point, created_at, updated_at, is_deleted) VALUES (16, 6, 'user16', '$2y$10$hashhashhashhashhashhashhashhashhashhash', 'user16@ex.com', 'User16 Name', 'u16', 'M', '1995-12-28 00:00:00', 359, CURRENT_TIMESTAMP, NULL, FALSE);
INSERT INTO user (user_id, team_id, login_id, login_pw, email, name, nickname, gender, birth_date, point, created_at, updated_at, is_deleted) VALUES (17, 2, 'user17', '$2y$10$hashhashhashhashhashhashhashhashhashhash', 'user17@ex.com', 'User17 Name', 'u17', 'M', '2001-12-24 00:00:00', 373, CURRENT_TIMESTAMP, NULL, FALSE);
INSERT INTO user (user_id, team_id, login_id, login_pw, email, name, nickname, gender, birth_date, point, created_at, updated_at, is_deleted) VALUES (18, 4, 'user18', '$2y$10$hashhashhashhashhashhashhashhashhashhash', 'user18@ex.com', 'User18 Name', 'u18', 'M', '2000-05-14 00:00:00', 194, CURRENT_TIMESTAMP, NULL, FALSE);
INSERT INTO user (user_id, team_id, login_id, login_pw, email, name, nickname, gender, birth_date, point, created_at, updated_at, is_deleted) VALUES (19, 5, 'user19', '$2y$10$hashhashhashhashhashhashhashhashhashhash', 'user19@ex.com', 'User19 Name', 'u19', 'M', '1997-04-10 00:00:00', 431, CURRENT_TIMESTAMP, NULL, FALSE);
INSERT INTO user (user_id, team_id, login_id, login_pw, email, name, nickname, gender, birth_date, point, created_at, updated_at, is_deleted) VALUES (20, 1, 'user20', '$2y$10$hashhashhashhashhashhashhashhashhashhash', 'user20@ex.com', 'User20 Name', 'u20', 'M', '1990-09-20 00:00:00', 412, CURRENT_TIMESTAMP, NULL, FALSE);
INSERT INTO user (user_id, team_id, login_id, login_pw, email, name, nickname, gender, birth_date, point, created_at, updated_at, is_deleted) VALUES (21, 6, 'user21', '$2y$10$hashhashhashhashhashhashhashhashhashhash', 'user21@ex.com', 'User21 Name', 'u21', 'F', '1996-01-03 00:00:00', 33, CURRENT_TIMESTAMP, NULL, FALSE);
INSERT INTO user (user_id, team_id, login_id, login_pw, email, name, nickname, gender, birth_date, point, created_at, updated_at, is_deleted) VALUES (22, 4, 'user22', '$2y$10$hashhashhashhashhashhashhashhashhashhash', 'user22@ex.com', 'User22 Name', 'u22', 'F', '1994-10-08 00:00:00', 335, CURRENT_TIMESTAMP, NULL, FALSE);
INSERT INTO user (user_id, team_id, login_id, login_pw, email, name, nickname, gender, birth_date, point, created_at, updated_at, is_deleted) VALUES (23, 8, 'user23', '$2y$10$hashhashhashhashhashhashhashhashhashhash', 'user23@ex.com', 'User23 Name', 'u23', 'F', '2004-06-02 00:00:00', 234, CURRENT_TIMESTAMP, NULL, FALSE);
INSERT INTO user (user_id, team_id, login_id, login_pw, email, name, nickname, gender, birth_date, point, created_at, updated_at, is_deleted) VALUES (24, 3, 'user24', '$2y$10$hashhashhashhashhashhashhashhashhashhash', 'user24@ex.com', 'User24 Name', 'u24', 'F', '1993-02-17 00:00:00', 126, CURRENT_TIMESTAMP, NULL, FALSE);
INSERT INTO user (user_id, team_id, login_id, login_pw, email, name, nickname, gender, birth_date, point, created_at, updated_at, is_deleted) VALUES (25, 9, 'user25', '$2y$10$hashhashhashhashhashhashhashhashhashhash', 'user25@ex.com', 'User25 Name', 'u25', 'F', '2003-02-10 00:00:00', 219, CURRENT_TIMESTAMP, NULL, FALSE);
INSERT INTO user (user_id, team_id, login_id, login_pw, email, name, nickname, gender, birth_date, point, created_at, updated_at, is_deleted) VALUES (26, 10, 'user26', '$2y$10$hashhashhashhashhashhashhashhashhashhash', 'user26@ex.com', 'User26 Name', 'u26', 'F', '1998-02-13 00:00:00', 112, CURRENT_TIMESTAMP, NULL, FALSE);
INSERT INTO user (user_id, team_id, login_id, login_pw, email, name, nickname, gender, birth_date, point, created_at, updated_at, is_deleted) VALUES (27, 3, 'user27', '$2y$10$hashhashhashhashhashhashhashhashhashhash', 'user27@ex.com', 'User27 Name', 'u27', 'F', '1992-01-15 00:00:00', 386, CURRENT_TIMESTAMP, NULL, FALSE);
INSERT INTO user (user_id, team_id, login_id, login_pw, email, name, nickname, gender, birth_date, point, created_at, updated_at, is_deleted) VALUES (28, 1, 'user28', '$2y$10$hashhashhashhashhashhashhashhashhashhash', 'user28@ex.com', 'User28 Name', 'u28', 'M', '1993-06-06 00:00:00', 321, CURRENT_TIMESTAMP, NULL, FALSE);
INSERT INTO user (user_id, team_id, login_id, login_pw, email, name, nickname, gender, birth_date, point, created_at, updated_at, is_deleted) VALUES (29, 3, 'user29', '$2y$10$hashhashhashhashhashhashhashhashhashhash', 'user29@ex.com', 'User29 Name', 'u29', 'F', '2003-05-18 00:00:00', 32, CURRENT_TIMESTAMP, NULL, FALSE);
INSERT INTO user (user_id, team_id, login_id, login_pw, email, name, nickname, gender, birth_date, point, created_at, updated_at, is_deleted) VALUES (30, 7, 'user30', '$2y$10$hashhashhashhashhashhashhashhashhashhash', 'user30@ex.com', 'User30 Name', 'u30', 'F', '2003-05-14 00:00:00', 239, CURRENT_TIMESTAMP, NULL, FALSE);
INSERT INTO game (game_id, date, stadium_id, score, home_team_id, away_team_id) VALUES (1, '2025-08-02 07:00:00', 9, 0, 10, 6);
INSERT INTO game (game_id, date, stadium_id, score, home_team_id, away_team_id) VALUES (2, '2025-08-03 06:00:00', 7, 0, 8, 1);
INSERT INTO game (game_id, date, stadium_id, score, home_team_id, away_team_id) VALUES (3, '2025-08-04 06:00:00', 2, 0, 2, 7);
INSERT INTO game (game_id, date, stadium_id, score, home_team_id, away_team_id) VALUES (4, '2025-08-05 07:00:00', 4, 0, 5, 4);
INSERT INTO game (game_id, date, stadium_id, score, home_team_id, away_team_id) VALUES (5, '2025-08-06 07:00:00', 1, 0, 1, 5);
INSERT INTO game (game_id, date, stadium_id, score, home_team_id, away_team_id) VALUES (6, '2025-08-07 06:00:00', 9, 0, 10, 2);
INSERT INTO game (game_id, date, stadium_id, score, home_team_id, away_team_id) VALUES (7, '2025-08-08 07:00:00', 2, 0, 2, 9);
INSERT INTO game (game_id, date, stadium_id, score, home_team_id, away_team_id) VALUES (8, '2025-08-09 07:00:00', 2, 0, 2, 10);
INSERT INTO game (game_id, date, stadium_id, score, home_team_id, away_team_id) VALUES (9, '2025-08-10 06:00:00', 2, 0, 3, 4);
INSERT INTO game (game_id, date, stadium_id, score, home_team_id, away_team_id) VALUES (10, '2025-08-11 07:00:00', 7, 0, 8, 10);
INSERT INTO game (game_id, date, stadium_id, score, home_team_id, away_team_id) VALUES (11, '2025-08-12 06:00:00', 2, 0, 3, 6);
INSERT INTO game (game_id, date, stadium_id, score, home_team_id, away_team_id) VALUES (12, '2025-08-13 07:00:00', 8, 0, 9, 7);
INSERT INTO game (game_id, date, stadium_id, score, home_team_id, away_team_id) VALUES (13, '2025-08-14 06:00:00', 3, 0, 4, 10);
INSERT INTO game (game_id, date, stadium_id, score, home_team_id, away_team_id) VALUES (14, '2025-08-15 06:00:00', 3, 0, 4, 6);
INSERT INTO game (game_id, date, stadium_id, score, home_team_id, away_team_id) VALUES (15, '2025-08-16 07:00:00', 6, 0, 7, 6);
INSERT INTO game (game_id, date, stadium_id, score, home_team_id, away_team_id) VALUES (16, '2025-08-17 06:00:00', 7, 0, 8, 10);
INSERT INTO game (game_id, date, stadium_id, score, home_team_id, away_team_id) VALUES (17, '2025-08-18 06:00:00', 7, 0, 8, 2);
INSERT INTO game (game_id, date, stadium_id, score, home_team_id, away_team_id) VALUES (18, '2025-08-19 07:00:00', 3, 0, 4, 5);
INSERT INTO game (game_id, date, stadium_id, score, home_team_id, away_team_id) VALUES (19, '2025-08-20 06:00:00', 2, 0, 2, 7);
INSERT INTO game (game_id, date, stadium_id, score, home_team_id, away_team_id) VALUES (20, '2025-08-21 06:00:00', 1, 0, 1, 10);
INSERT INTO admin_board (board_id, user_id, title, text, created_at, updated_at, is_deleted) VALUES (1, 1, '서버 점검 안내', '8월 첫째 주 정기 점검이 예정되어 있습니다.', CURRENT_TIMESTAMP, NULL, FALSE);
INSERT INTO admin_board (board_id, user_id, title, text, created_at, updated_at, is_deleted) VALUES (2, 1, '이벤트 공지', '출석 체크 이벤트를 시작합니다.', CURRENT_TIMESTAMP, NULL, FALSE);
INSERT INTO admin_board (board_id, user_id, title, text, created_at, updated_at, is_deleted) VALUES (3, 1, '보안 안내', '비밀번호를 주기적으로 변경하세요.', CURRENT_TIMESTAMP, NULL, FALSE);
INSERT INTO board (board_id, category_id, user_id, title, text, created_at, updated_at, is_deleted) VALUES (1, 2, 19, '게시글 1 - 분석', '내용 1: 팀 1 관련 이야기와 정보 공유.', CURRENT_TIMESTAMP, NULL, FALSE);
INSERT INTO board (board_id, category_id, user_id, title, text, created_at, updated_at, is_deleted) VALUES (2, 1, 23, '게시글 2 - 응원', '내용 2: 팀 4 관련 이야기와 정보 공유.', CURRENT_TIMESTAMP, NULL, FALSE);
INSERT INTO board (board_id, category_id, user_id, title, text, created_at, updated_at, is_deleted) VALUES (3, 1, 29, '게시글 3 - 응원', '내용 3: 팀 6 관련 이야기와 정보 공유.', CURRENT_TIMESTAMP, NULL, FALSE);
INSERT INTO board (board_id, category_id, user_id, title, text, created_at, updated_at, is_deleted) VALUES (4, 1, 17, '게시글 4 - 분석', '내용 4: 팀 5 관련 이야기와 정보 공유.', CURRENT_TIMESTAMP, NULL, FALSE);
INSERT INTO board (board_id, category_id, user_id, title, text, created_at, updated_at, is_deleted) VALUES (5, 6, 16, '게시글 5 - 분석', '내용 5: 팀 9 관련 이야기와 정보 공유.', CURRENT_TIMESTAMP, NULL, FALSE);
INSERT INTO board (board_id, category_id, user_id, title, text, created_at, updated_at, is_deleted) VALUES (6, 2, 24, '게시글 6 - 거래', '내용 6: 팀 4 관련 이야기와 정보 공유.', CURRENT_TIMESTAMP, NULL, FALSE);
INSERT INTO board (board_id, category_id, user_id, title, text, created_at, updated_at, is_deleted) VALUES (7, 4, 26, '게시글 7 - 거래', '내용 7: 팀 4 관련 이야기와 정보 공유.', CURRENT_TIMESTAMP, NULL, FALSE);
INSERT INTO board (board_id, category_id, user_id, title, text, created_at, updated_at, is_deleted) VALUES (8, 1, 4, '게시글 8 - 거래', '내용 8: 팀 6 관련 이야기와 정보 공유.', CURRENT_TIMESTAMP, NULL, FALSE);
INSERT INTO board (board_id, category_id, user_id, title, text, created_at, updated_at, is_deleted) VALUES (9, 4, 14, '게시글 9 - 거래', '내용 9: 팀 1 관련 이야기와 정보 공유.', CURRENT_TIMESTAMP, NULL, FALSE);
INSERT INTO board (board_id, category_id, user_id, title, text, created_at, updated_at, is_deleted) VALUES (10, 6, 21, '게시글 10 - 응원', '내용 10: 팀 1 관련 이야기와 정보 공유.', CURRENT_TIMESTAMP, NULL, FALSE);
INSERT INTO board (board_id, category_id, user_id, title, text, created_at, updated_at, is_deleted) VALUES (11, 4, 24, '게시글 11 - 잡담', '내용 11: 팀 2 관련 이야기와 정보 공유.', CURRENT_TIMESTAMP, NULL, FALSE);
INSERT INTO board (board_id, category_id, user_id, title, text, created_at, updated_at, is_deleted) VALUES (12, 2, 7, '게시글 12 - 분석', '내용 12: 팀 9 관련 이야기와 정보 공유.', CURRENT_TIMESTAMP, NULL, FALSE);
INSERT INTO board (board_id, category_id, user_id, title, text, created_at, updated_at, is_deleted) VALUES (13, 4, 5, '게시글 13 - 거래', '내용 13: 팀 3 관련 이야기와 정보 공유.', CURRENT_TIMESTAMP, NULL, FALSE);
INSERT INTO board (board_id, category_id, user_id, title, text, created_at, updated_at, is_deleted) VALUES (14, 3, 15, '게시글 14 - 분석', '내용 14: 팀 2 관련 이야기와 정보 공유.', CURRENT_TIMESTAMP, NULL, FALSE);
INSERT INTO board (board_id, category_id, user_id, title, text, created_at, updated_at, is_deleted) VALUES (15, 4, 26, '게시글 15 - 응원', '내용 15: 팀 1 관련 이야기와 정보 공유.', CURRENT_TIMESTAMP, NULL, FALSE);
INSERT INTO board (board_id, category_id, user_id, title, text, created_at, updated_at, is_deleted) VALUES (16, 6, 18, '게시글 16 - 응원', '내용 16: 팀 2 관련 이야기와 정보 공유.', CURRENT_TIMESTAMP, NULL, FALSE);
INSERT INTO board (board_id, category_id, user_id, title, text, created_at, updated_at, is_deleted) VALUES (17, 2, 6, '게시글 17 - 거래', '내용 17: 팀 8 관련 이야기와 정보 공유.', CURRENT_TIMESTAMP, NULL, FALSE);
INSERT INTO board (board_id, category_id, user_id, title, text, created_at, updated_at, is_deleted) VALUES (18, 4, 7, '게시글 18 - 거래', '내용 18: 팀 1 관련 이야기와 정보 공유.', CURRENT_TIMESTAMP, NULL, FALSE);
INSERT INTO board (board_id, category_id, user_id, title, text, created_at, updated_at, is_deleted) VALUES (19, 2, 13, '게시글 19 - 응원', '내용 19: 팀 7 관련 이야기와 정보 공유.', CURRENT_TIMESTAMP, NULL, FALSE);
INSERT INTO board (board_id, category_id, user_id, title, text, created_at, updated_at, is_deleted) VALUES (20, 3, 30, '게시글 20 - 거래', '내용 20: 팀 5 관련 이야기와 정보 공유.', CURRENT_TIMESTAMP, NULL, FALSE);
INSERT INTO board (board_id, category_id, user_id, title, text, created_at, updated_at, is_deleted) VALUES (21, 4, 23, '게시글 21 - 거래', '내용 21: 팀 3 관련 이야기와 정보 공유.', CURRENT_TIMESTAMP, NULL, FALSE);
INSERT INTO board (board_id, category_id, user_id, title, text, created_at, updated_at, is_deleted) VALUES (22, 2, 10, '게시글 22 - 분석', '내용 22: 팀 1 관련 이야기와 정보 공유.', CURRENT_TIMESTAMP, NULL, FALSE);
INSERT INTO board (board_id, category_id, user_id, title, text, created_at, updated_at, is_deleted) VALUES (23, 5, 24, '게시글 23 - 응원', '내용 23: 팀 6 관련 이야기와 정보 공유.', CURRENT_TIMESTAMP, NULL, FALSE);
INSERT INTO board (board_id, category_id, user_id, title, text, created_at, updated_at, is_deleted) VALUES (24, 1, 2, '게시글 24 - 거래', '내용 24: 팀 9 관련 이야기와 정보 공유.', CURRENT_TIMESTAMP, NULL, FALSE);
INSERT INTO board (board_id, category_id, user_id, title, text, created_at, updated_at, is_deleted) VALUES (25, 5, 6, '게시글 25 - 응원', '내용 25: 팀 9 관련 이야기와 정보 공유.', CURRENT_TIMESTAMP, NULL, FALSE);
INSERT INTO board (board_id, category_id, user_id, title, text, created_at, updated_at, is_deleted) VALUES (26, 1, 28, '게시글 26 - 분석', '내용 26: 팀 2 관련 이야기와 정보 공유.', CURRENT_TIMESTAMP, NULL, FALSE);
INSERT INTO board (board_id, category_id, user_id, title, text, created_at, updated_at, is_deleted) VALUES (27, 5, 3, '게시글 27 - 분석', '내용 27: 팀 7 관련 이야기와 정보 공유.', CURRENT_TIMESTAMP, NULL, FALSE);
INSERT INTO board (board_id, category_id, user_id, title, text, created_at, updated_at, is_deleted) VALUES (28, 1, 29, '게시글 28 - 분석', '내용 28: 팀 10 관련 이야기와 정보 공유.', CURRENT_TIMESTAMP, NULL, FALSE);
INSERT INTO board (board_id, category_id, user_id, title, text, created_at, updated_at, is_deleted) VALUES (29, 5, 2, '게시글 29 - 응원', '내용 29: 팀 7 관련 이야기와 정보 공유.', CURRENT_TIMESTAMP, NULL, FALSE);
INSERT INTO board (board_id, category_id, user_id, title, text, created_at, updated_at, is_deleted) VALUES (30, 6, 19, '게시글 30 - 잡담', '내용 30: 팀 5 관련 이야기와 정보 공유.', CURRENT_TIMESTAMP, NULL, FALSE);
INSERT INTO board (board_id, category_id, user_id, title, text, created_at, updated_at, is_deleted) VALUES (31, 2, 22, '게시글 31 - 잡담', '내용 31: 팀 4 관련 이야기와 정보 공유.', CURRENT_TIMESTAMP, NULL, FALSE);
INSERT INTO board (board_id, category_id, user_id, title, text, created_at, updated_at, is_deleted) VALUES (32, 3, 13, '게시글 32 - 분석', '내용 32: 팀 5 관련 이야기와 정보 공유.', CURRENT_TIMESTAMP, NULL, FALSE);
INSERT INTO board (board_id, category_id, user_id, title, text, created_at, updated_at, is_deleted) VALUES (33, 4, 11, '게시글 33 - 응원', '내용 33: 팀 1 관련 이야기와 정보 공유.', CURRENT_TIMESTAMP, NULL, FALSE);
INSERT INTO board (board_id, category_id, user_id, title, text, created_at, updated_at, is_deleted) VALUES (34, 4, 20, '게시글 34 - 응원', '내용 34: 팀 2 관련 이야기와 정보 공유.', CURRENT_TIMESTAMP, NULL, FALSE);
INSERT INTO board (board_id, category_id, user_id, title, text, created_at, updated_at, is_deleted) VALUES (35, 5, 7, '게시글 35 - 잡담', '내용 35: 팀 3 관련 이야기와 정보 공유.', CURRENT_TIMESTAMP, NULL, FALSE);
INSERT INTO board (board_id, category_id, user_id, title, text, created_at, updated_at, is_deleted) VALUES (36, 3, 29, '게시글 36 - 응원', '내용 36: 팀 4 관련 이야기와 정보 공유.', CURRENT_TIMESTAMP, NULL, FALSE);
INSERT INTO board (board_id, category_id, user_id, title, text, created_at, updated_at, is_deleted) VALUES (37, 3, 10, '게시글 37 - 분석', '내용 37: 팀 8 관련 이야기와 정보 공유.', CURRENT_TIMESTAMP, NULL, FALSE);
INSERT INTO board (board_id, category_id, user_id, title, text, created_at, updated_at, is_deleted) VALUES (38, 5, 23, '게시글 38 - 잡담', '내용 38: 팀 10 관련 이야기와 정보 공유.', CURRENT_TIMESTAMP, NULL, FALSE);
INSERT INTO board (board_id, category_id, user_id, title, text, created_at, updated_at, is_deleted) VALUES (39, 6, 17, '게시글 39 - 응원', '내용 39: 팀 9 관련 이야기와 정보 공유.', CURRENT_TIMESTAMP, NULL, FALSE);
INSERT INTO board (board_id, category_id, user_id, title, text, created_at, updated_at, is_deleted) VALUES (40, 3, 30, '게시글 40 - 응원', '내용 40: 팀 3 관련 이야기와 정보 공유.', CURRENT_TIMESTAMP, NULL, FALSE);
INSERT INTO comment (comment_id, board_id, parent_comment_id, user_id, text, created_at, updated_at, is_deleted) VALUES (1, 17, NULL, 4, '댓글 1 입니다.', CURRENT_TIMESTAMP, NULL, FALSE);
INSERT INTO comment (comment_id, board_id, parent_comment_id, user_id, text, created_at, updated_at, is_deleted) VALUES (2, 7, NULL, 24, '댓글 2 입니다.', CURRENT_TIMESTAMP, NULL, FALSE);
INSERT INTO comment (comment_id, board_id, parent_comment_id, user_id, text, created_at, updated_at, is_deleted) VALUES (3, 18, NULL, 10, '댓글 3 입니다.', CURRENT_TIMESTAMP, NULL, FALSE);
INSERT INTO comment (comment_id, board_id, parent_comment_id, user_id, text, created_at, updated_at, is_deleted) VALUES (4, 22, NULL, 7, '댓글 4 입니다.', CURRENT_TIMESTAMP, NULL, FALSE);
INSERT INTO comment (comment_id, board_id, parent_comment_id, user_id, text, created_at, updated_at, is_deleted) VALUES (5, 17, NULL, 17, '댓글 5 입니다.', CURRENT_TIMESTAMP, NULL, FALSE);
INSERT INTO comment (comment_id, board_id, parent_comment_id, user_id, text, created_at, updated_at, is_deleted) VALUES (6, 4, NULL, 3, '댓글 6 입니다.', CURRENT_TIMESTAMP, NULL, FALSE);
INSERT INTO comment (comment_id, board_id, parent_comment_id, user_id, text, created_at, updated_at, is_deleted) VALUES (7, 18, 3, 2, '댓글 7 입니다.', CURRENT_TIMESTAMP, NULL, FALSE);
INSERT INTO comment (comment_id, board_id, parent_comment_id, user_id, text, created_at, updated_at, is_deleted) VALUES (8, 17, NULL, 6, '댓글 8 입니다.', CURRENT_TIMESTAMP, NULL, FALSE);
INSERT INTO comment (comment_id, board_id, parent_comment_id, user_id, text, created_at, updated_at, is_deleted) VALUES (9, 36, NULL, 23, '댓글 9 입니다.', CURRENT_TIMESTAMP, NULL, FALSE);
INSERT INTO comment (comment_id, board_id, parent_comment_id, user_id, text, created_at, updated_at, is_deleted) VALUES (10, 1, NULL, 4, '댓글 10 입니다.', CURRENT_TIMESTAMP, NULL, FALSE);
INSERT INTO comment (comment_id, board_id, parent_comment_id, user_id, text, created_at, updated_at, is_deleted) VALUES (11, 10, NULL, 18, '댓글 11 입니다.', CURRENT_TIMESTAMP, NULL, FALSE);
INSERT INTO comment (comment_id, board_id, parent_comment_id, user_id, text, created_at, updated_at, is_deleted) VALUES (12, 24, NULL, 19, '댓글 12 입니다.', CURRENT_TIMESTAMP, NULL, FALSE);
INSERT INTO comment (comment_id, board_id, parent_comment_id, user_id, text, created_at, updated_at, is_deleted) VALUES (13, 28, NULL, 5, '댓글 13 입니다.', CURRENT_TIMESTAMP, NULL, FALSE);
INSERT INTO comment (comment_id, board_id, parent_comment_id, user_id, text, created_at, updated_at, is_deleted) VALUES (14, 24, NULL, 29, '댓글 14 입니다.', CURRENT_TIMESTAMP, NULL, FALSE);
INSERT INTO comment (comment_id, board_id, parent_comment_id, user_id, text, created_at, updated_at, is_deleted) VALUES (15, 3, NULL, 29, '댓글 15 입니다.', CURRENT_TIMESTAMP, NULL, FALSE);
INSERT INTO comment (comment_id, board_id, parent_comment_id, user_id, text, created_at, updated_at, is_deleted) VALUES (16, 16, NULL, 22, '댓글 16 입니다.', CURRENT_TIMESTAMP, NULL, FALSE);
INSERT INTO comment (comment_id, board_id, parent_comment_id, user_id, text, created_at, updated_at, is_deleted) VALUES (17, 36, NULL, 29, '댓글 17 입니다.', CURRENT_TIMESTAMP, NULL, FALSE);
INSERT INTO comment (comment_id, board_id, parent_comment_id, user_id, text, created_at, updated_at, is_deleted) VALUES (18, 40, NULL, 24, '댓글 18 입니다.', CURRENT_TIMESTAMP, NULL, FALSE);
INSERT INTO comment (comment_id, board_id, parent_comment_id, user_id, text, created_at, updated_at, is_deleted) VALUES (19, 16, 16, 28, '댓글 19 입니다.', CURRENT_TIMESTAMP, NULL, FALSE);
INSERT INTO comment (comment_id, board_id, parent_comment_id, user_id, text, created_at, updated_at, is_deleted) VALUES (20, 27, NULL, 1, '댓글 20 입니다.', CURRENT_TIMESTAMP, NULL, FALSE);
INSERT INTO comment (comment_id, board_id, parent_comment_id, user_id, text, created_at, updated_at, is_deleted) VALUES (21, 22, NULL, 26, '댓글 21 입니다.', CURRENT_TIMESTAMP, NULL, FALSE);
INSERT INTO comment (comment_id, board_id, parent_comment_id, user_id, text, created_at, updated_at, is_deleted) VALUES (22, 16, 16, 9, '댓글 22 입니다.', CURRENT_TIMESTAMP, NULL, FALSE);
INSERT INTO comment (comment_id, board_id, parent_comment_id, user_id, text, created_at, updated_at, is_deleted) VALUES (23, 25, NULL, 28, '댓글 23 입니다.', CURRENT_TIMESTAMP, NULL, FALSE);
INSERT INTO comment (comment_id, board_id, parent_comment_id, user_id, text, created_at, updated_at, is_deleted) VALUES (24, 31, NULL, 8, '댓글 24 입니다.', CURRENT_TIMESTAMP, NULL, FALSE);
INSERT INTO comment (comment_id, board_id, parent_comment_id, user_id, text, created_at, updated_at, is_deleted) VALUES (25, 30, NULL, 12, '댓글 25 입니다.', CURRENT_TIMESTAMP, NULL, FALSE);
INSERT INTO comment (comment_id, board_id, parent_comment_id, user_id, text, created_at, updated_at, is_deleted) VALUES (26, 15, NULL, 8, '댓글 26 입니다.', CURRENT_TIMESTAMP, NULL, FALSE);
INSERT INTO comment (comment_id, board_id, parent_comment_id, user_id, text, created_at, updated_at, is_deleted) VALUES (27, 13, NULL, 13, '댓글 27 입니다.', CURRENT_TIMESTAMP, NULL, FALSE);
INSERT INTO comment (comment_id, board_id, parent_comment_id, user_id, text, created_at, updated_at, is_deleted) VALUES (28, 5, NULL, 25, '댓글 28 입니다.', CURRENT_TIMESTAMP, NULL, FALSE);
INSERT INTO comment (comment_id, board_id, parent_comment_id, user_id, text, created_at, updated_at, is_deleted) VALUES (29, 33, NULL, 13, '댓글 29 입니다.', CURRENT_TIMESTAMP, NULL, FALSE);
INSERT INTO comment (comment_id, board_id, parent_comment_id, user_id, text, created_at, updated_at, is_deleted) VALUES (30, 35, NULL, 11, '댓글 30 입니다.', CURRENT_TIMESTAMP, NULL, FALSE);
INSERT INTO comment (comment_id, board_id, parent_comment_id, user_id, text, created_at, updated_at, is_deleted) VALUES (31, 8, NULL, 29, '댓글 31 입니다.', CURRENT_TIMESTAMP, NULL, FALSE);
INSERT INTO comment (comment_id, board_id, parent_comment_id, user_id, text, created_at, updated_at, is_deleted) VALUES (32, 12, NULL, 19, '댓글 32 입니다.', CURRENT_TIMESTAMP, NULL, FALSE);
INSERT INTO comment (comment_id, board_id, parent_comment_id, user_id, text, created_at, updated_at, is_deleted) VALUES (33, 17, 5, 2, '댓글 33 입니다.', CURRENT_TIMESTAMP, NULL, FALSE);
INSERT INTO comment (comment_id, board_id, parent_comment_id, user_id, text, created_at, updated_at, is_deleted) VALUES (34, 23, NULL, 24, '댓글 34 입니다.', CURRENT_TIMESTAMP, NULL, FALSE);
INSERT INTO comment (comment_id, board_id, parent_comment_id, user_id, text, created_at, updated_at, is_deleted) VALUES (35, 28, NULL, 20, '댓글 35 입니다.', CURRENT_TIMESTAMP, NULL, FALSE);
INSERT INTO comment (comment_id, board_id, parent_comment_id, user_id, text, created_at, updated_at, is_deleted) VALUES (36, 8, NULL, 13, '댓글 36 입니다.', CURRENT_TIMESTAMP, NULL, FALSE);
INSERT INTO comment (comment_id, board_id, parent_comment_id, user_id, text, created_at, updated_at, is_deleted) VALUES (37, 13, 27, 9, '댓글 37 입니다.', CURRENT_TIMESTAMP, NULL, FALSE);
INSERT INTO comment (comment_id, board_id, parent_comment_id, user_id, text, created_at, updated_at, is_deleted) VALUES (38, 1, NULL, 17, '댓글 38 입니다.', CURRENT_TIMESTAMP, NULL, FALSE);
INSERT INTO comment (comment_id, board_id, parent_comment_id, user_id, text, created_at, updated_at, is_deleted) VALUES (39, 35, NULL, 22, '댓글 39 입니다.', CURRENT_TIMESTAMP, NULL, FALSE);
INSERT INTO comment (comment_id, board_id, parent_comment_id, user_id, text, created_at, updated_at, is_deleted) VALUES (40, 13, NULL, 12, '댓글 40 입니다.', CURRENT_TIMESTAMP, NULL, FALSE);
INSERT INTO comment (comment_id, board_id, parent_comment_id, user_id, text, created_at, updated_at, is_deleted) VALUES (41, 22, NULL, 20, '댓글 41 입니다.', CURRENT_TIMESTAMP, NULL, FALSE);
INSERT INTO comment (comment_id, board_id, parent_comment_id, user_id, text, created_at, updated_at, is_deleted) VALUES (42, 8, NULL, 24, '댓글 42 입니다.', CURRENT_TIMESTAMP, NULL, FALSE);
INSERT INTO comment (comment_id, board_id, parent_comment_id, user_id, text, created_at, updated_at, is_deleted) VALUES (43, 33, NULL, 10, '댓글 43 입니다.', CURRENT_TIMESTAMP, NULL, FALSE);
INSERT INTO comment (comment_id, board_id, parent_comment_id, user_id, text, created_at, updated_at, is_deleted) VALUES (44, 21, NULL, 13, '댓글 44 입니다.', CURRENT_TIMESTAMP, NULL, FALSE);
INSERT INTO comment (comment_id, board_id, parent_comment_id, user_id, text, created_at, updated_at, is_deleted) VALUES (45, 36, 17, 5, '댓글 45 입니다.', CURRENT_TIMESTAMP, NULL, FALSE);
INSERT INTO comment (comment_id, board_id, parent_comment_id, user_id, text, created_at, updated_at, is_deleted) VALUES (46, 12, NULL, 20, '댓글 46 입니다.', CURRENT_TIMESTAMP, NULL, FALSE);
INSERT INTO comment (comment_id, board_id, parent_comment_id, user_id, text, created_at, updated_at, is_deleted) VALUES (47, 26, NULL, 18, '댓글 47 입니다.', CURRENT_TIMESTAMP, NULL, FALSE);
INSERT INTO comment (comment_id, board_id, parent_comment_id, user_id, text, created_at, updated_at, is_deleted) VALUES (48, 20, NULL, 10, '댓글 48 입니다.', CURRENT_TIMESTAMP, NULL, FALSE);
INSERT INTO comment (comment_id, board_id, parent_comment_id, user_id, text, created_at, updated_at, is_deleted) VALUES (49, 38, NULL, 20, '댓글 49 입니다.', CURRENT_TIMESTAMP, NULL, FALSE);
INSERT INTO comment (comment_id, board_id, parent_comment_id, user_id, text, created_at, updated_at, is_deleted) VALUES (50, 30, NULL, 15, '댓글 50 입니다.', CURRENT_TIMESTAMP, NULL, FALSE);
INSERT INTO comment (comment_id, board_id, parent_comment_id, user_id, text, created_at, updated_at, is_deleted) VALUES (51, 14, NULL, 17, '댓글 51 입니다.', CURRENT_TIMESTAMP, NULL, FALSE);
INSERT INTO comment (comment_id, board_id, parent_comment_id, user_id, text, created_at, updated_at, is_deleted) VALUES (52, 11, NULL, 22, '댓글 52 입니다.', CURRENT_TIMESTAMP, NULL, FALSE);
INSERT INTO comment (comment_id, board_id, parent_comment_id, user_id, text, created_at, updated_at, is_deleted) VALUES (53, 33, NULL, 22, '댓글 53 입니다.', CURRENT_TIMESTAMP, NULL, FALSE);
INSERT INTO comment (comment_id, board_id, parent_comment_id, user_id, text, created_at, updated_at, is_deleted) VALUES (54, 22, NULL, 3, '댓글 54 입니다.', CURRENT_TIMESTAMP, NULL, FALSE);
INSERT INTO comment (comment_id, board_id, parent_comment_id, user_id, text, created_at, updated_at, is_deleted) VALUES (55, 16, NULL, 22, '댓글 55 입니다.', CURRENT_TIMESTAMP, NULL, FALSE);
INSERT INTO comment (comment_id, board_id, parent_comment_id, user_id, text, created_at, updated_at, is_deleted) VALUES (56, 13, 27, 5, '댓글 56 입니다.', CURRENT_TIMESTAMP, NULL, FALSE);
INSERT INTO comment (comment_id, board_id, parent_comment_id, user_id, text, created_at, updated_at, is_deleted) VALUES (57, 31, NULL, 20, '댓글 57 입니다.', CURRENT_TIMESTAMP, NULL, FALSE);
INSERT INTO comment (comment_id, board_id, parent_comment_id, user_id, text, created_at, updated_at, is_deleted) VALUES (58, 5, NULL, 15, '댓글 58 입니다.', CURRENT_TIMESTAMP, NULL, FALSE);
INSERT INTO comment (comment_id, board_id, parent_comment_id, user_id, text, created_at, updated_at, is_deleted) VALUES (59, 37, NULL, 7, '댓글 59 입니다.', CURRENT_TIMESTAMP, NULL, FALSE);
INSERT INTO comment (comment_id, board_id, parent_comment_id, user_id, text, created_at, updated_at, is_deleted) VALUES (60, 25, NULL, 16, '댓글 60 입니다.', CURRENT_TIMESTAMP, NULL, FALSE);
INSERT INTO comment (comment_id, board_id, parent_comment_id, user_id, text, created_at, updated_at, is_deleted) VALUES (61, 10, NULL, 21, '댓글 61 입니다.', CURRENT_TIMESTAMP, NULL, FALSE);
INSERT INTO comment (comment_id, board_id, parent_comment_id, user_id, text, created_at, updated_at, is_deleted) VALUES (62, 7, NULL, 25, '댓글 62 입니다.', CURRENT_TIMESTAMP, NULL, FALSE);
INSERT INTO comment (comment_id, board_id, parent_comment_id, user_id, text, created_at, updated_at, is_deleted) VALUES (63, 12, NULL, 26, '댓글 63 입니다.', CURRENT_TIMESTAMP, NULL, FALSE);
INSERT INTO comment (comment_id, board_id, parent_comment_id, user_id, text, created_at, updated_at, is_deleted) VALUES (64, 34, NULL, 15, '댓글 64 입니다.', CURRENT_TIMESTAMP, NULL, FALSE);
INSERT INTO comment (comment_id, board_id, parent_comment_id, user_id, text, created_at, updated_at, is_deleted) VALUES (65, 16, NULL, 30, '댓글 65 입니다.', CURRENT_TIMESTAMP, NULL, FALSE);
INSERT INTO comment (comment_id, board_id, parent_comment_id, user_id, text, created_at, updated_at, is_deleted) VALUES (66, 30, NULL, 5, '댓글 66 입니다.', CURRENT_TIMESTAMP, NULL, FALSE);
INSERT INTO comment (comment_id, board_id, parent_comment_id, user_id, text, created_at, updated_at, is_deleted) VALUES (67, 34, NULL, 18, '댓글 67 입니다.', CURRENT_TIMESTAMP, NULL, FALSE);
INSERT INTO comment (comment_id, board_id, parent_comment_id, user_id, text, created_at, updated_at, is_deleted) VALUES (68, 29, NULL, 20, '댓글 68 입니다.', CURRENT_TIMESTAMP, NULL, FALSE);
INSERT INTO comment (comment_id, board_id, parent_comment_id, user_id, text, created_at, updated_at, is_deleted) VALUES (69, 33, NULL, 14, '댓글 69 입니다.', CURRENT_TIMESTAMP, NULL, FALSE);
INSERT INTO comment (comment_id, board_id, parent_comment_id, user_id, text, created_at, updated_at, is_deleted) VALUES (70, 36, NULL, 15, '댓글 70 입니다.', CURRENT_TIMESTAMP, NULL, FALSE);
INSERT INTO comment (comment_id, board_id, parent_comment_id, user_id, text, created_at, updated_at, is_deleted) VALUES (71, 31, NULL, 15, '댓글 71 입니다.', CURRENT_TIMESTAMP, NULL, FALSE);
INSERT INTO comment (comment_id, board_id, parent_comment_id, user_id, text, created_at, updated_at, is_deleted) VALUES (72, 16, NULL, 27, '댓글 72 입니다.', CURRENT_TIMESTAMP, NULL, FALSE);
INSERT INTO comment (comment_id, board_id, parent_comment_id, user_id, text, created_at, updated_at, is_deleted) VALUES (73, 34, NULL, 16, '댓글 73 입니다.', CURRENT_TIMESTAMP, NULL, FALSE);
INSERT INTO comment (comment_id, board_id, parent_comment_id, user_id, text, created_at, updated_at, is_deleted) VALUES (74, 18, 7, 15, '댓글 74 입니다.', CURRENT_TIMESTAMP, NULL, FALSE);
INSERT INTO comment (comment_id, board_id, parent_comment_id, user_id, text, created_at, updated_at, is_deleted) VALUES (75, 16, NULL, 9, '댓글 75 입니다.', CURRENT_TIMESTAMP, NULL, FALSE);
INSERT INTO comment (comment_id, board_id, parent_comment_id, user_id, text, created_at, updated_at, is_deleted) VALUES (76, 35, 30, 3, '댓글 76 입니다.', CURRENT_TIMESTAMP, NULL, FALSE);
INSERT INTO comment (comment_id, board_id, parent_comment_id, user_id, text, created_at, updated_at, is_deleted) VALUES (77, 25, 23, 23, '댓글 77 입니다.', CURRENT_TIMESTAMP, NULL, FALSE);
INSERT INTO comment (comment_id, board_id, parent_comment_id, user_id, text, created_at, updated_at, is_deleted) VALUES (78, 5, NULL, 14, '댓글 78 입니다.', CURRENT_TIMESTAMP, NULL, FALSE);
INSERT INTO comment (comment_id, board_id, parent_comment_id, user_id, text, created_at, updated_at, is_deleted) VALUES (79, 35, NULL, 15, '댓글 79 입니다.', CURRENT_TIMESTAMP, NULL, FALSE);
INSERT INTO comment (comment_id, board_id, parent_comment_id, user_id, text, created_at, updated_at, is_deleted) VALUES (80, 14, NULL, 27, '댓글 80 입니다.', CURRENT_TIMESTAMP, NULL, FALSE);
INSERT INTO comment (comment_id, board_id, parent_comment_id, user_id, text, created_at, updated_at, is_deleted) VALUES (81, 38, 49, 23, '댓글 81 입니다.', CURRENT_TIMESTAMP, NULL, FALSE);
INSERT INTO comment (comment_id, board_id, parent_comment_id, user_id, text, created_at, updated_at, is_deleted) VALUES (82, 31, NULL, 1, '댓글 82 입니다.', CURRENT_TIMESTAMP, NULL, FALSE);
INSERT INTO comment (comment_id, board_id, parent_comment_id, user_id, text, created_at, updated_at, is_deleted) VALUES (83, 20, NULL, 25, '댓글 83 입니다.', CURRENT_TIMESTAMP, NULL, FALSE);
INSERT INTO comment (comment_id, board_id, parent_comment_id, user_id, text, created_at, updated_at, is_deleted) VALUES (84, 27, NULL, 18, '댓글 84 입니다.', CURRENT_TIMESTAMP, NULL, FALSE);
INSERT INTO comment (comment_id, board_id, parent_comment_id, user_id, text, created_at, updated_at, is_deleted) VALUES (85, 35, NULL, 26, '댓글 85 입니다.', CURRENT_TIMESTAMP, NULL, FALSE);
INSERT INTO comment (comment_id, board_id, parent_comment_id, user_id, text, created_at, updated_at, is_deleted) VALUES (86, 15, NULL, 16, '댓글 86 입니다.', CURRENT_TIMESTAMP, NULL, FALSE);
INSERT INTO comment (comment_id, board_id, parent_comment_id, user_id, text, created_at, updated_at, is_deleted) VALUES (87, 28, 35, 16, '댓글 87 입니다.', CURRENT_TIMESTAMP, NULL, FALSE);
INSERT INTO comment (comment_id, board_id, parent_comment_id, user_id, text, created_at, updated_at, is_deleted) VALUES (88, 26, 47, 24, '댓글 88 입니다.', CURRENT_TIMESTAMP, NULL, FALSE);
INSERT INTO comment (comment_id, board_id, parent_comment_id, user_id, text, created_at, updated_at, is_deleted) VALUES (89, 9, NULL, 20, '댓글 89 입니다.', CURRENT_TIMESTAMP, NULL, FALSE);
INSERT INTO comment (comment_id, board_id, parent_comment_id, user_id, text, created_at, updated_at, is_deleted) VALUES (90, 26, NULL, 19, '댓글 90 입니다.', CURRENT_TIMESTAMP, NULL, FALSE);
INSERT INTO comment (comment_id, board_id, parent_comment_id, user_id, text, created_at, updated_at, is_deleted) VALUES (91, 2, NULL, 3, '댓글 91 입니다.', CURRENT_TIMESTAMP, NULL, FALSE);
INSERT INTO comment (comment_id, board_id, parent_comment_id, user_id, text, created_at, updated_at, is_deleted) VALUES (92, 9, NULL, 28, '댓글 92 입니다.', CURRENT_TIMESTAMP, NULL, FALSE);
INSERT INTO comment (comment_id, board_id, parent_comment_id, user_id, text, created_at, updated_at, is_deleted) VALUES (93, 4, NULL, 9, '댓글 93 입니다.', CURRENT_TIMESTAMP, NULL, FALSE);
INSERT INTO comment (comment_id, board_id, parent_comment_id, user_id, text, created_at, updated_at, is_deleted) VALUES (94, 14, NULL, 15, '댓글 94 입니다.', CURRENT_TIMESTAMP, NULL, FALSE);
INSERT INTO comment (comment_id, board_id, parent_comment_id, user_id, text, created_at, updated_at, is_deleted) VALUES (95, 25, NULL, 9, '댓글 95 입니다.', CURRENT_TIMESTAMP, NULL, FALSE);
INSERT INTO comment (comment_id, board_id, parent_comment_id, user_id, text, created_at, updated_at, is_deleted) VALUES (96, 27, NULL, 9, '댓글 96 입니다.', CURRENT_TIMESTAMP, NULL, FALSE);
INSERT INTO comment (comment_id, board_id, parent_comment_id, user_id, text, created_at, updated_at, is_deleted) VALUES (97, 31, NULL, 1, '댓글 97 입니다.', CURRENT_TIMESTAMP, NULL, FALSE);
INSERT INTO comment (comment_id, board_id, parent_comment_id, user_id, text, created_at, updated_at, is_deleted) VALUES (98, 4, NULL, 12, '댓글 98 입니다.', CURRENT_TIMESTAMP, NULL, FALSE);
INSERT INTO comment (comment_id, board_id, parent_comment_id, user_id, text, created_at, updated_at, is_deleted) VALUES (99, 5, NULL, 25, '댓글 99 입니다.', CURRENT_TIMESTAMP, NULL, FALSE);
INSERT INTO comment (comment_id, board_id, parent_comment_id, user_id, text, created_at, updated_at, is_deleted) VALUES (100, 3, 15, 25, '댓글 100 입니다.', CURRENT_TIMESTAMP, NULL, FALSE);
INSERT INTO comment (comment_id, board_id, parent_comment_id, user_id, text, created_at, updated_at, is_deleted) VALUES (101, 13, 37, 27, '댓글 101 입니다.', CURRENT_TIMESTAMP, NULL, FALSE);
INSERT INTO comment (comment_id, board_id, parent_comment_id, user_id, text, created_at, updated_at, is_deleted) VALUES (102, 16, NULL, 5, '댓글 102 입니다.', CURRENT_TIMESTAMP, NULL, FALSE);
INSERT INTO comment (comment_id, board_id, parent_comment_id, user_id, text, created_at, updated_at, is_deleted) VALUES (103, 8, NULL, 19, '댓글 103 입니다.', CURRENT_TIMESTAMP, NULL, FALSE);
INSERT INTO comment (comment_id, board_id, parent_comment_id, user_id, text, created_at, updated_at, is_deleted) VALUES (104, 30, NULL, 23, '댓글 104 입니다.', CURRENT_TIMESTAMP, NULL, FALSE);
INSERT INTO comment (comment_id, board_id, parent_comment_id, user_id, text, created_at, updated_at, is_deleted) VALUES (105, 24, NULL, 6, '댓글 105 입니다.', CURRENT_TIMESTAMP, NULL, FALSE);
INSERT INTO comment (comment_id, board_id, parent_comment_id, user_id, text, created_at, updated_at, is_deleted) VALUES (106, 8, NULL, 25, '댓글 106 입니다.', CURRENT_TIMESTAMP, NULL, FALSE);
INSERT INTO comment (comment_id, board_id, parent_comment_id, user_id, text, created_at, updated_at, is_deleted) VALUES (107, 20, NULL, 4, '댓글 107 입니다.', CURRENT_TIMESTAMP, NULL, FALSE);
INSERT INTO comment (comment_id, board_id, parent_comment_id, user_id, text, created_at, updated_at, is_deleted) VALUES (108, 20, NULL, 19, '댓글 108 입니다.', CURRENT_TIMESTAMP, NULL, FALSE);
INSERT INTO comment (comment_id, board_id, parent_comment_id, user_id, text, created_at, updated_at, is_deleted) VALUES (109, 25, NULL, 13, '댓글 109 입니다.', CURRENT_TIMESTAMP, NULL, FALSE);
INSERT INTO comment (comment_id, board_id, parent_comment_id, user_id, text, created_at, updated_at, is_deleted) VALUES (110, 13, NULL, 3, '댓글 110 입니다.', CURRENT_TIMESTAMP, NULL, FALSE);
INSERT INTO comment (comment_id, board_id, parent_comment_id, user_id, text, created_at, updated_at, is_deleted) VALUES (111, 16, NULL, 4, '댓글 111 입니다.', CURRENT_TIMESTAMP, NULL, FALSE);
INSERT INTO comment (comment_id, board_id, parent_comment_id, user_id, text, created_at, updated_at, is_deleted) VALUES (112, 20, NULL, 28, '댓글 112 입니다.', CURRENT_TIMESTAMP, NULL, FALSE);
INSERT INTO comment (comment_id, board_id, parent_comment_id, user_id, text, created_at, updated_at, is_deleted) VALUES (113, 8, NULL, 26, '댓글 113 입니다.', CURRENT_TIMESTAMP, NULL, FALSE);
INSERT INTO comment (comment_id, board_id, parent_comment_id, user_id, text, created_at, updated_at, is_deleted) VALUES (114, 3, NULL, 12, '댓글 114 입니다.', CURRENT_TIMESTAMP, NULL, FALSE);
INSERT INTO comment (comment_id, board_id, parent_comment_id, user_id, text, created_at, updated_at, is_deleted) VALUES (115, 24, NULL, 3, '댓글 115 입니다.', CURRENT_TIMESTAMP, NULL, FALSE);
INSERT INTO comment (comment_id, board_id, parent_comment_id, user_id, text, created_at, updated_at, is_deleted) VALUES (116, 22, NULL, 1, '댓글 116 입니다.', CURRENT_TIMESTAMP, NULL, FALSE);
INSERT INTO comment (comment_id, board_id, parent_comment_id, user_id, text, created_at, updated_at, is_deleted) VALUES (117, 32, NULL, 4, '댓글 117 입니다.', CURRENT_TIMESTAMP, NULL, FALSE);
INSERT INTO comment (comment_id, board_id, parent_comment_id, user_id, text, created_at, updated_at, is_deleted) VALUES (118, 24, NULL, 21, '댓글 118 입니다.', CURRENT_TIMESTAMP, NULL, FALSE);
INSERT INTO comment (comment_id, board_id, parent_comment_id, user_id, text, created_at, updated_at, is_deleted) VALUES (119, 30, 50, 23, '댓글 119 입니다.', CURRENT_TIMESTAMP, NULL, FALSE);
INSERT INTO comment (comment_id, board_id, parent_comment_id, user_id, text, created_at, updated_at, is_deleted) VALUES (120, 34, NULL, 21, '댓글 120 입니다.', CURRENT_TIMESTAMP, NULL, FALSE);
INSERT INTO board_recommend (user_id, board_id, type) VALUES (1, 10, 'D');
INSERT INTO board_recommend (user_id, board_id, type) VALUES (1, 39, 'U');
INSERT INTO board_recommend (user_id, board_id, type) VALUES (2, 9, 'D');
INSERT INTO board_recommend (user_id, board_id, type) VALUES (2, 11, 'D');
INSERT INTO board_recommend (user_id, board_id, type) VALUES (3, 15, 'D');
INSERT INTO board_recommend (user_id, board_id, type) VALUES (3, 15, 'U');
INSERT INTO board_recommend (user_id, board_id, type) VALUES (3, 16, 'D');
INSERT INTO board_recommend (user_id, board_id, type) VALUES (3, 16, 'U');
INSERT INTO board_recommend (user_id, board_id, type) VALUES (4, 13, 'D');
INSERT INTO board_recommend (user_id, board_id, type) VALUES (4, 34, 'D');
INSERT INTO board_recommend (user_id, board_id, type) VALUES (4, 35, 'U');
INSERT INTO board_recommend (user_id, board_id, type) VALUES (5, 10, 'D');
INSERT INTO board_recommend (user_id, board_id, type) VALUES (6, 1, 'D');
INSERT INTO board_recommend (user_id, board_id, type) VALUES (6, 38, 'D');
INSERT INTO board_recommend (user_id, board_id, type) VALUES (7, 14, 'D');
INSERT INTO board_recommend (user_id, board_id, type) VALUES (7, 18, 'U');
INSERT INTO board_recommend (user_id, board_id, type) VALUES (8, 12, 'U');
INSERT INTO board_recommend (user_id, board_id, type) VALUES (8, 24, 'U');
INSERT INTO board_recommend (user_id, board_id, type) VALUES (8, 27, 'U');
INSERT INTO board_recommend (user_id, board_id, type) VALUES (8, 30, 'U');
INSERT INTO board_recommend (user_id, board_id, type) VALUES (9, 3, 'U');
INSERT INTO board_recommend (user_id, board_id, type) VALUES (9, 21, 'U');
INSERT INTO board_recommend (user_id, board_id, type) VALUES (9, 29, 'U');
INSERT INTO board_recommend (user_id, board_id, type) VALUES (9, 31, 'U');
INSERT INTO board_recommend (user_id, board_id, type) VALUES (9, 33, 'D');
INSERT INTO board_recommend (user_id, board_id, type) VALUES (9, 38, 'D');
INSERT INTO board_recommend (user_id, board_id, type) VALUES (9, 39, 'D');
INSERT INTO board_recommend (user_id, board_id, type) VALUES (10, 1, 'U');
INSERT INTO board_recommend (user_id, board_id, type) VALUES (10, 3, 'U');
INSERT INTO board_recommend (user_id, board_id, type) VALUES (10, 15, 'D');
INSERT INTO board_recommend (user_id, board_id, type) VALUES (10, 17, 'U');
INSERT INTO board_recommend (user_id, board_id, type) VALUES (10, 19, 'D');
INSERT INTO board_recommend (user_id, board_id, type) VALUES (10, 37, 'U');
INSERT INTO board_recommend (user_id, board_id, type) VALUES (11, 2, 'D');
INSERT INTO board_recommend (user_id, board_id, type) VALUES (11, 12, 'U');
INSERT INTO board_recommend (user_id, board_id, type) VALUES (11, 16, 'U');
INSERT INTO board_recommend (user_id, board_id, type) VALUES (11, 21, 'U');
INSERT INTO board_recommend (user_id, board_id, type) VALUES (11, 31, 'D');
INSERT INTO board_recommend (user_id, board_id, type) VALUES (11, 32, 'U');
INSERT INTO board_recommend (user_id, board_id, type) VALUES (11, 36, 'D');
INSERT INTO board_recommend (user_id, board_id, type) VALUES (12, 30, 'D');
INSERT INTO board_recommend (user_id, board_id, type) VALUES (13, 10, 'D');
INSERT INTO board_recommend (user_id, board_id, type) VALUES (13, 13, 'U');
INSERT INTO board_recommend (user_id, board_id, type) VALUES (14, 4, 'U');
INSERT INTO board_recommend (user_id, board_id, type) VALUES (14, 8, 'U');
INSERT INTO board_recommend (user_id, board_id, type) VALUES (14, 31, 'D');
INSERT INTO board_recommend (user_id, board_id, type) VALUES (14, 32, 'D');
INSERT INTO board_recommend (user_id, board_id, type) VALUES (14, 36, 'D');
INSERT INTO board_recommend (user_id, board_id, type) VALUES (15, 2, 'U');
INSERT INTO board_recommend (user_id, board_id, type) VALUES (15, 6, 'D');
INSERT INTO board_recommend (user_id, board_id, type) VALUES (15, 6, 'U');
INSERT INTO board_recommend (user_id, board_id, type) VALUES (15, 8, 'D');
INSERT INTO board_recommend (user_id, board_id, type) VALUES (15, 8, 'U');
INSERT INTO board_recommend (user_id, board_id, type) VALUES (15, 21, 'U');
INSERT INTO board_recommend (user_id, board_id, type) VALUES (15, 28, 'D');
INSERT INTO board_recommend (user_id, board_id, type) VALUES (15, 29, 'D');
INSERT INTO board_recommend (user_id, board_id, type) VALUES (15, 39, 'D');
INSERT INTO board_recommend (user_id, board_id, type) VALUES (16, 5, 'U');
INSERT INTO board_recommend (user_id, board_id, type) VALUES (16, 14, 'D');
INSERT INTO board_recommend (user_id, board_id, type) VALUES (16, 17, 'D');
INSERT INTO board_recommend (user_id, board_id, type) VALUES (16, 19, 'D');
INSERT INTO board_recommend (user_id, board_id, type) VALUES (16, 23, 'D');
INSERT INTO board_recommend (user_id, board_id, type) VALUES (16, 31, 'D');
INSERT INTO board_recommend (user_id, board_id, type) VALUES (16, 36, 'D');
INSERT INTO board_recommend (user_id, board_id, type) VALUES (16, 36, 'U');
INSERT INTO board_recommend (user_id, board_id, type) VALUES (17, 24, 'D');
INSERT INTO board_recommend (user_id, board_id, type) VALUES (17, 29, 'D');
INSERT INTO board_recommend (user_id, board_id, type) VALUES (18, 1, 'D');
INSERT INTO board_recommend (user_id, board_id, type) VALUES (18, 1, 'U');
INSERT INTO board_recommend (user_id, board_id, type) VALUES (18, 19, 'U');
INSERT INTO board_recommend (user_id, board_id, type) VALUES (18, 27, 'U');
INSERT INTO board_recommend (user_id, board_id, type) VALUES (18, 31, 'D');
INSERT INTO board_recommend (user_id, board_id, type) VALUES (20, 5, 'U');
INSERT INTO board_recommend (user_id, board_id, type) VALUES (20, 7, 'U');
INSERT INTO board_recommend (user_id, board_id, type) VALUES (20, 17, 'U');
INSERT INTO board_recommend (user_id, board_id, type) VALUES (20, 26, 'U');
INSERT INTO board_recommend (user_id, board_id, type) VALUES (20, 37, 'D');
INSERT INTO board_recommend (user_id, board_id, type) VALUES (21, 10, 'D');
INSERT INTO board_recommend (user_id, board_id, type) VALUES (21, 14, 'D');
INSERT INTO board_recommend (user_id, board_id, type) VALUES (21, 19, 'U');
INSERT INTO board_recommend (user_id, board_id, type) VALUES (21, 29, 'U');
INSERT INTO board_recommend (user_id, board_id, type) VALUES (21, 32, 'U');
INSERT INTO board_recommend (user_id, board_id, type) VALUES (22, 6, 'U');
INSERT INTO board_recommend (user_id, board_id, type) VALUES (22, 26, 'U');
INSERT INTO board_recommend (user_id, board_id, type) VALUES (22, 35, 'D');
INSERT INTO board_recommend (user_id, board_id, type) VALUES (22, 38, 'D');
INSERT INTO board_recommend (user_id, board_id, type) VALUES (23, 11, 'D');
INSERT INTO board_recommend (user_id, board_id, type) VALUES (23, 16, 'D');
INSERT INTO board_recommend (user_id, board_id, type) VALUES (23, 20, 'D');
INSERT INTO board_recommend (user_id, board_id, type) VALUES (23, 31, 'D');
INSERT INTO board_recommend (user_id, board_id, type) VALUES (24, 20, 'D');
INSERT INTO board_recommend (user_id, board_id, type) VALUES (25, 12, 'D');
INSERT INTO board_recommend (user_id, board_id, type) VALUES (25, 18, 'U');
INSERT INTO board_recommend (user_id, board_id, type) VALUES (25, 26, 'U');
INSERT INTO board_recommend (user_id, board_id, type) VALUES (25, 27, 'D');
INSERT INTO board_recommend (user_id, board_id, type) VALUES (25, 30, 'D');
INSERT INTO board_recommend (user_id, board_id, type) VALUES (25, 34, 'D');
INSERT INTO board_recommend (user_id, board_id, type) VALUES (26, 17, 'D');
INSERT INTO board_recommend (user_id, board_id, type) VALUES (26, 35, 'D');
INSERT INTO board_recommend (user_id, board_id, type) VALUES (26, 38, 'U');
INSERT INTO board_recommend (user_id, board_id, type) VALUES (27, 1, 'D');
INSERT INTO board_recommend (user_id, board_id, type) VALUES (27, 5, 'D');
INSERT INTO board_recommend (user_id, board_id, type) VALUES (27, 10, 'U');
INSERT INTO board_recommend (user_id, board_id, type) VALUES (28, 1, 'D');
INSERT INTO board_recommend (user_id, board_id, type) VALUES (28, 5, 'D');
INSERT INTO board_recommend (user_id, board_id, type) VALUES (28, 7, 'D');
INSERT INTO board_recommend (user_id, board_id, type) VALUES (28, 10, 'D');
INSERT INTO board_recommend (user_id, board_id, type) VALUES (28, 10, 'U');
INSERT INTO board_recommend (user_id, board_id, type) VALUES (28, 11, 'D');
INSERT INTO board_recommend (user_id, board_id, type) VALUES (28, 21, 'U');
INSERT INTO board_recommend (user_id, board_id, type) VALUES (28, 22, 'D');
INSERT INTO board_recommend (user_id, board_id, type) VALUES (28, 38, 'D');
INSERT INTO board_recommend (user_id, board_id, type) VALUES (29, 28, 'D');
INSERT INTO board_recommend (user_id, board_id, type) VALUES (29, 32, 'U');
INSERT INTO board_recommend (user_id, board_id, type) VALUES (30, 19, 'D');
INSERT INTO board_recommend (user_id, board_id, type) VALUES (30, 33, 'D');
INSERT INTO comment_recommend (user_id, comment_id, type) VALUES (1, 34, 'U');
INSERT INTO comment_recommend (user_id, comment_id, type) VALUES (2, 51, 'D');
INSERT INTO comment_recommend (user_id, comment_id, type) VALUES (2, 62, 'D');
INSERT INTO comment_recommend (user_id, comment_id, type) VALUES (2, 75, 'D');
INSERT INTO comment_recommend (user_id, comment_id, type) VALUES (2, 101, 'D');
INSERT INTO comment_recommend (user_id, comment_id, type) VALUES (3, 12, 'U');
INSERT INTO comment_recommend (user_id, comment_id, type) VALUES (3, 17, 'D');
INSERT INTO comment_recommend (user_id, comment_id, type) VALUES (3, 19, 'U');
INSERT INTO comment_recommend (user_id, comment_id, type) VALUES (3, 56, 'U');
INSERT INTO comment_recommend (user_id, comment_id, type) VALUES (3, 57, 'D');
INSERT INTO comment_recommend (user_id, comment_id, type) VALUES (3, 85, 'U');
INSERT INTO comment_recommend (user_id, comment_id, type) VALUES (3, 102, 'D');
INSERT INTO comment_recommend (user_id, comment_id, type) VALUES (3, 107, 'U');
INSERT INTO comment_recommend (user_id, comment_id, type) VALUES (3, 116, 'U');
INSERT INTO comment_recommend (user_id, comment_id, type) VALUES (4, 31, 'D');
INSERT INTO comment_recommend (user_id, comment_id, type) VALUES (4, 31, 'U');
INSERT INTO comment_recommend (user_id, comment_id, type) VALUES (4, 87, 'U');
INSERT INTO comment_recommend (user_id, comment_id, type) VALUES (4, 88, 'D');
INSERT INTO comment_recommend (user_id, comment_id, type) VALUES (4, 98, 'U');
INSERT INTO comment_recommend (user_id, comment_id, type) VALUES (4, 102, 'U');
INSERT INTO comment_recommend (user_id, comment_id, type) VALUES (5, 2, 'D');
INSERT INTO comment_recommend (user_id, comment_id, type) VALUES (5, 6, 'U');
INSERT INTO comment_recommend (user_id, comment_id, type) VALUES (5, 70, 'D');
INSERT INTO comment_recommend (user_id, comment_id, type) VALUES (5, 88, 'D');
INSERT INTO comment_recommend (user_id, comment_id, type) VALUES (5, 95, 'D');
INSERT INTO comment_recommend (user_id, comment_id, type) VALUES (6, 23, 'U');
INSERT INTO comment_recommend (user_id, comment_id, type) VALUES (6, 34, 'U');
INSERT INTO comment_recommend (user_id, comment_id, type) VALUES (7, 16, 'D');
INSERT INTO comment_recommend (user_id, comment_id, type) VALUES (7, 17, 'D');
INSERT INTO comment_recommend (user_id, comment_id, type) VALUES (7, 57, 'D');
INSERT INTO comment_recommend (user_id, comment_id, type) VALUES (8, 17, 'U');
INSERT INTO comment_recommend (user_id, comment_id, type) VALUES (8, 60, 'D');
INSERT INTO comment_recommend (user_id, comment_id, type) VALUES (8, 82, 'U');
INSERT INTO comment_recommend (user_id, comment_id, type) VALUES (8, 110, 'D');
INSERT INTO comment_recommend (user_id, comment_id, type) VALUES (9, 2, 'U');
INSERT INTO comment_recommend (user_id, comment_id, type) VALUES (9, 5, 'D');
INSERT INTO comment_recommend (user_id, comment_id, type) VALUES (9, 110, 'U');
INSERT INTO comment_recommend (user_id, comment_id, type) VALUES (10, 46, 'D');
INSERT INTO comment_recommend (user_id, comment_id, type) VALUES (10, 64, 'U');
INSERT INTO comment_recommend (user_id, comment_id, type) VALUES (10, 101, 'D');
INSERT INTO comment_recommend (user_id, comment_id, type) VALUES (11, 55, 'D');
INSERT INTO comment_recommend (user_id, comment_id, type) VALUES (11, 78, 'U');
INSERT INTO comment_recommend (user_id, comment_id, type) VALUES (11, 100, 'U');
INSERT INTO comment_recommend (user_id, comment_id, type) VALUES (11, 102, 'U');
INSERT INTO comment_recommend (user_id, comment_id, type) VALUES (12, 112, 'D');
INSERT INTO comment_recommend (user_id, comment_id, type) VALUES (13, 54, 'U');
INSERT INTO comment_recommend (user_id, comment_id, type) VALUES (13, 59, 'D');
INSERT INTO comment_recommend (user_id, comment_id, type) VALUES (13, 77, 'D');
INSERT INTO comment_recommend (user_id, comment_id, type) VALUES (13, 110, 'D');
INSERT INTO comment_recommend (user_id, comment_id, type) VALUES (14, 19, 'U');
INSERT INTO comment_recommend (user_id, comment_id, type) VALUES (14, 44, 'D');
INSERT INTO comment_recommend (user_id, comment_id, type) VALUES (14, 58, 'U');
INSERT INTO comment_recommend (user_id, comment_id, type) VALUES (14, 88, 'U');
INSERT INTO comment_recommend (user_id, comment_id, type) VALUES (15, 22, 'D');
INSERT INTO comment_recommend (user_id, comment_id, type) VALUES (15, 33, 'U');
INSERT INTO comment_recommend (user_id, comment_id, type) VALUES (15, 48, 'D');
INSERT INTO comment_recommend (user_id, comment_id, type) VALUES (15, 65, 'D');
INSERT INTO comment_recommend (user_id, comment_id, type) VALUES (15, 65, 'U');
INSERT INTO comment_recommend (user_id, comment_id, type) VALUES (15, 83, 'U');
INSERT INTO comment_recommend (user_id, comment_id, type) VALUES (16, 4, 'D');
INSERT INTO comment_recommend (user_id, comment_id, type) VALUES (16, 58, 'D');
INSERT INTO comment_recommend (user_id, comment_id, type) VALUES (16, 92, 'D');
INSERT INTO comment_recommend (user_id, comment_id, type) VALUES (16, 117, 'U');
INSERT INTO comment_recommend (user_id, comment_id, type) VALUES (17, 15, 'U');
INSERT INTO comment_recommend (user_id, comment_id, type) VALUES (17, 53, 'U');
INSERT INTO comment_recommend (user_id, comment_id, type) VALUES (17, 65, 'D');
INSERT INTO comment_recommend (user_id, comment_id, type) VALUES (17, 76, 'U');
INSERT INTO comment_recommend (user_id, comment_id, type) VALUES (18, 116, 'D');
INSERT INTO comment_recommend (user_id, comment_id, type) VALUES (19, 28, 'U');
INSERT INTO comment_recommend (user_id, comment_id, type) VALUES (19, 39, 'D');
INSERT INTO comment_recommend (user_id, comment_id, type) VALUES (19, 42, 'U');
INSERT INTO comment_recommend (user_id, comment_id, type) VALUES (19, 46, 'D');
INSERT INTO comment_recommend (user_id, comment_id, type) VALUES (19, 49, 'D');
INSERT INTO comment_recommend (user_id, comment_id, type) VALUES (19, 72, 'D');
INSERT INTO comment_recommend (user_id, comment_id, type) VALUES (19, 96, 'U');
INSERT INTO comment_recommend (user_id, comment_id, type) VALUES (20, 6, 'D');
INSERT INTO comment_recommend (user_id, comment_id, type) VALUES (20, 33, 'U');
INSERT INTO comment_recommend (user_id, comment_id, type) VALUES (20, 82, 'D');
INSERT INTO comment_recommend (user_id, comment_id, type) VALUES (20, 88, 'U');
INSERT INTO comment_recommend (user_id, comment_id, type) VALUES (20, 103, 'D');
INSERT INTO comment_recommend (user_id, comment_id, type) VALUES (20, 112, 'D');
INSERT INTO comment_recommend (user_id, comment_id, type) VALUES (21, 9, 'D');
INSERT INTO comment_recommend (user_id, comment_id, type) VALUES (21, 13, 'U');
INSERT INTO comment_recommend (user_id, comment_id, type) VALUES (21, 53, 'U');
INSERT INTO comment_recommend (user_id, comment_id, type) VALUES (21, 82, 'U');
INSERT INTO comment_recommend (user_id, comment_id, type) VALUES (22, 16, 'D');
INSERT INTO comment_recommend (user_id, comment_id, type) VALUES (22, 33, 'D');
INSERT INTO comment_recommend (user_id, comment_id, type) VALUES (22, 96, 'D');
INSERT INTO comment_recommend (user_id, comment_id, type) VALUES (22, 111, 'U');
INSERT INTO comment_recommend (user_id, comment_id, type) VALUES (23, 33, 'D');
INSERT INTO comment_recommend (user_id, comment_id, type) VALUES (23, 38, 'U');
INSERT INTO comment_recommend (user_id, comment_id, type) VALUES (24, 12, 'D');
INSERT INTO comment_recommend (user_id, comment_id, type) VALUES (24, 17, 'U');
INSERT INTO comment_recommend (user_id, comment_id, type) VALUES (24, 54, 'U');
INSERT INTO comment_recommend (user_id, comment_id, type) VALUES (24, 95, 'D');
INSERT INTO comment_recommend (user_id, comment_id, type) VALUES (25, 103, 'U');
INSERT INTO comment_recommend (user_id, comment_id, type) VALUES (26, 15, 'D');
INSERT INTO comment_recommend (user_id, comment_id, type) VALUES (26, 17, 'U');
INSERT INTO comment_recommend (user_id, comment_id, type) VALUES (26, 23, 'U');
INSERT INTO comment_recommend (user_id, comment_id, type) VALUES (26, 38, 'D');
INSERT INTO comment_recommend (user_id, comment_id, type) VALUES (26, 101, 'U');
INSERT INTO comment_recommend (user_id, comment_id, type) VALUES (26, 116, 'U');
INSERT INTO comment_recommend (user_id, comment_id, type) VALUES (27, 22, 'D');
INSERT INTO comment_recommend (user_id, comment_id, type) VALUES (27, 63, 'D');
INSERT INTO comment_recommend (user_id, comment_id, type) VALUES (27, 85, 'D');
INSERT INTO comment_recommend (user_id, comment_id, type) VALUES (27, 116, 'D');
INSERT INTO comment_recommend (user_id, comment_id, type) VALUES (28, 39, 'U');
INSERT INTO comment_recommend (user_id, comment_id, type) VALUES (28, 84, 'U');
INSERT INTO comment_recommend (user_id, comment_id, type) VALUES (28, 87, 'D');
INSERT INTO comment_recommend (user_id, comment_id, type) VALUES (28, 103, 'D');
INSERT INTO comment_recommend (user_id, comment_id, type) VALUES (28, 118, 'U');
INSERT INTO comment_recommend (user_id, comment_id, type) VALUES (29, 4, 'U');
INSERT INTO comment_recommend (user_id, comment_id, type) VALUES (29, 37, 'U');
INSERT INTO comment_recommend (user_id, comment_id, type) VALUES (29, 54, 'U');
INSERT INTO comment_recommend (user_id, comment_id, type) VALUES (29, 103, 'D');
INSERT INTO comment_recommend (user_id, comment_id, type) VALUES (30, 38, 'D');
INSERT INTO comment_recommend (user_id, comment_id, type) VALUES (30, 78, 'D');
INSERT INTO comment_recommend (user_id, comment_id, type) VALUES (30, 79, 'U');
INSERT INTO comment_recommend (user_id, comment_id, type) VALUES (30, 90, 'D');
INSERT INTO comment_recommend (user_id, comment_id, type) VALUES (30, 106, 'D');
INSERT INTO board_report (board_report_id, user_id, board_id, reason, created_at, is_handled) VALUES (1, 1, 39, '광고성 의심', CURRENT_TIMESTAMP, FALSE);
INSERT INTO board_report (board_report_id, user_id, board_id, reason, created_at, is_handled) VALUES (2, 12, 36, '광고성 의심', CURRENT_TIMESTAMP, FALSE);
INSERT INTO board_report (board_report_id, user_id, board_id, reason, created_at, is_handled) VALUES (3, 10, 39, '광고성 의심', CURRENT_TIMESTAMP, FALSE);
INSERT INTO board_report (board_report_id, user_id, board_id, reason, created_at, is_handled) VALUES (4, 10, 23, '광고성 의심', CURRENT_TIMESTAMP, FALSE);
INSERT INTO board_report (board_report_id, user_id, board_id, reason, created_at, is_handled) VALUES (5, 25, 40, '광고성 의심', CURRENT_TIMESTAMP, FALSE);
INSERT INTO board_report (board_report_id, user_id, board_id, reason, created_at, is_handled) VALUES (6, 12, 8, '광고성 의심', CURRENT_TIMESTAMP, FALSE);
INSERT INTO board_report (board_report_id, user_id, board_id, reason, created_at, is_handled) VALUES (7, 19, 15, '광고성 의심', CURRENT_TIMESTAMP, FALSE);
INSERT INTO board_report (board_report_id, user_id, board_id, reason, created_at, is_handled) VALUES (8, 26, 28, '광고성 의심', CURRENT_TIMESTAMP, FALSE);
INSERT INTO board_report (board_report_id, user_id, board_id, reason, created_at, is_handled) VALUES (9, 28, 36, '광고성 의심', CURRENT_TIMESTAMP, FALSE);
INSERT INTO board_report (board_report_id, user_id, board_id, reason, created_at, is_handled) VALUES (10, 8, 7, '광고성 의심', CURRENT_TIMESTAMP, FALSE);
INSERT INTO board_report (board_report_id, user_id, board_id, reason, created_at, is_handled) VALUES (11, 25, 18, '광고성 의심', CURRENT_TIMESTAMP, FALSE);
INSERT INTO board_report (board_report_id, user_id, board_id, reason, created_at, is_handled) VALUES (12, 20, 36, '광고성 의심', CURRENT_TIMESTAMP, FALSE);
INSERT INTO board_report (board_report_id, user_id, board_id, reason, created_at, is_handled) VALUES (13, 17, 14, '광고성 의심', CURRENT_TIMESTAMP, FALSE);
INSERT INTO board_report (board_report_id, user_id, board_id, reason, created_at, is_handled) VALUES (14, 4, 37, '광고성 의심', CURRENT_TIMESTAMP, FALSE);
INSERT INTO board_report (board_report_id, user_id, board_id, reason, created_at, is_handled) VALUES (15, 5, 31, '광고성 의심', CURRENT_TIMESTAMP, FALSE);
INSERT INTO comment_report (comment_report_id, user_id, comment_id, reason, created_at, is_handled) VALUES (1, 11, 45, '도배 의심', CURRENT_TIMESTAMP, FALSE);
INSERT INTO comment_report (comment_report_id, user_id, comment_id, reason, created_at, is_handled) VALUES (2, 6, 35, '도배 의심', CURRENT_TIMESTAMP, FALSE);
INSERT INTO comment_report (comment_report_id, user_id, comment_id, reason, created_at, is_handled) VALUES (3, 28, 19, '도배 의심', CURRENT_TIMESTAMP, FALSE);
INSERT INTO comment_report (comment_report_id, user_id, comment_id, reason, created_at, is_handled) VALUES (4, 19, 85, '도배 의심', CURRENT_TIMESTAMP, FALSE);
INSERT INTO comment_report (comment_report_id, user_id, comment_id, reason, created_at, is_handled) VALUES (5, 10, 118, '도배 의심', CURRENT_TIMESTAMP, FALSE);
INSERT INTO comment_report (comment_report_id, user_id, comment_id, reason, created_at, is_handled) VALUES (6, 13, 9, '도배 의심', CURRENT_TIMESTAMP, FALSE);
INSERT INTO comment_report (comment_report_id, user_id, comment_id, reason, created_at, is_handled) VALUES (7, 9, 4, '도배 의심', CURRENT_TIMESTAMP, FALSE);
INSERT INTO comment_report (comment_report_id, user_id, comment_id, reason, created_at, is_handled) VALUES (8, 27, 89, '도배 의심', CURRENT_TIMESTAMP, FALSE);
INSERT INTO comment_report (comment_report_id, user_id, comment_id, reason, created_at, is_handled) VALUES (9, 21, 4, '도배 의심', CURRENT_TIMESTAMP, FALSE);
INSERT INTO comment_report (comment_report_id, user_id, comment_id, reason, created_at, is_handled) VALUES (10, 3, 96, '도배 의심', CURRENT_TIMESTAMP, FALSE);
INSERT INTO comment_report (comment_report_id, user_id, comment_id, reason, created_at, is_handled) VALUES (11, 17, 28, '도배 의심', CURRENT_TIMESTAMP, FALSE);
INSERT INTO comment_report (comment_report_id, user_id, comment_id, reason, created_at, is_handled) VALUES (12, 1, 24, '도배 의심', CURRENT_TIMESTAMP, FALSE);
INSERT INTO comment_report (comment_report_id, user_id, comment_id, reason, created_at, is_handled) VALUES (13, 30, 85, '도배 의심', CURRENT_TIMESTAMP, FALSE);
INSERT INTO comment_report (comment_report_id, user_id, comment_id, reason, created_at, is_handled) VALUES (14, 23, 98, '도배 의심', CURRENT_TIMESTAMP, FALSE);
INSERT INTO comment_report (comment_report_id, user_id, comment_id, reason, created_at, is_handled) VALUES (15, 5, 95, '도배 의심', CURRENT_TIMESTAMP, FALSE);
INSERT INTO bookmark (bookmark_id, enrollment_time, is_deleted, board_id, user_id) VALUES (1, CURRENT_TIMESTAMP, FALSE, 27, 13);
INSERT INTO bookmark (bookmark_id, enrollment_time, is_deleted, board_id, user_id) VALUES (2, CURRENT_TIMESTAMP, FALSE, 20, 7);
INSERT INTO bookmark (bookmark_id, enrollment_time, is_deleted, board_id, user_id) VALUES (3, CURRENT_TIMESTAMP, FALSE, 27, 15);
INSERT INTO bookmark (bookmark_id, enrollment_time, is_deleted, board_id, user_id) VALUES (4, CURRENT_TIMESTAMP, FALSE, 24, 6);
INSERT INTO bookmark (bookmark_id, enrollment_time, is_deleted, board_id, user_id) VALUES (5, CURRENT_TIMESTAMP, FALSE, 20, 22);
INSERT INTO bookmark (bookmark_id, enrollment_time, is_deleted, board_id, user_id) VALUES (6, CURRENT_TIMESTAMP, FALSE, 39, 13);
INSERT INTO bookmark (bookmark_id, enrollment_time, is_deleted, board_id, user_id) VALUES (7, CURRENT_TIMESTAMP, FALSE, 14, 9);
INSERT INTO bookmark (bookmark_id, enrollment_time, is_deleted, board_id, user_id) VALUES (8, CURRENT_TIMESTAMP, FALSE, 21, 10);
INSERT INTO bookmark (bookmark_id, enrollment_time, is_deleted, board_id, user_id) VALUES (9, CURRENT_TIMESTAMP, FALSE, 4, 29);
INSERT INTO bookmark (bookmark_id, enrollment_time, is_deleted, board_id, user_id) VALUES (10, CURRENT_TIMESTAMP, FALSE, 29, 9);
INSERT INTO bookmark (bookmark_id, enrollment_time, is_deleted, board_id, user_id) VALUES (11, CURRENT_TIMESTAMP, FALSE, 28, 16);
INSERT INTO bookmark (bookmark_id, enrollment_time, is_deleted, board_id, user_id) VALUES (12, CURRENT_TIMESTAMP, FALSE, 40, 25);
INSERT INTO bookmark (bookmark_id, enrollment_time, is_deleted, board_id, user_id) VALUES (13, CURRENT_TIMESTAMP, FALSE, 37, 25);
INSERT INTO bookmark (bookmark_id, enrollment_time, is_deleted, board_id, user_id) VALUES (14, CURRENT_TIMESTAMP, FALSE, 34, 16);
INSERT INTO bookmark (bookmark_id, enrollment_time, is_deleted, board_id, user_id) VALUES (15, CURRENT_TIMESTAMP, FALSE, 28, 22);
INSERT INTO bookmark (bookmark_id, enrollment_time, is_deleted, board_id, user_id) VALUES (16, CURRENT_TIMESTAMP, FALSE, 23, 4);
INSERT INTO bookmark (bookmark_id, enrollment_time, is_deleted, board_id, user_id) VALUES (17, CURRENT_TIMESTAMP, FALSE, 1, 2);
INSERT INTO bookmark (bookmark_id, enrollment_time, is_deleted, board_id, user_id) VALUES (18, CURRENT_TIMESTAMP, FALSE, 17, 25);
INSERT INTO bookmark (bookmark_id, enrollment_time, is_deleted, board_id, user_id) VALUES (19, CURRENT_TIMESTAMP, FALSE, 9, 7);
INSERT INTO bookmark (bookmark_id, enrollment_time, is_deleted, board_id, user_id) VALUES (20, CURRENT_TIMESTAMP, FALSE, 6, 20);
INSERT INTO bookmark (bookmark_id, enrollment_time, is_deleted, board_id, user_id) VALUES (21, CURRENT_TIMESTAMP, FALSE, 33, 25);
INSERT INTO bookmark (bookmark_id, enrollment_time, is_deleted, board_id, user_id) VALUES (22, CURRENT_TIMESTAMP, FALSE, 38, 10);
INSERT INTO bookmark (bookmark_id, enrollment_time, is_deleted, board_id, user_id) VALUES (23, CURRENT_TIMESTAMP, FALSE, 22, 15);
INSERT INTO bookmark (bookmark_id, enrollment_time, is_deleted, board_id, user_id) VALUES (24, CURRENT_TIMESTAMP, FALSE, 1, 4);
INSERT INTO bookmark (bookmark_id, enrollment_time, is_deleted, board_id, user_id) VALUES (25, CURRENT_TIMESTAMP, FALSE, 8, 14);
INSERT INTO bookmark (bookmark_id, enrollment_time, is_deleted, board_id, user_id) VALUES (26, CURRENT_TIMESTAMP, FALSE, 11, 5);
INSERT INTO bookmark (bookmark_id, enrollment_time, is_deleted, board_id, user_id) VALUES (27, CURRENT_TIMESTAMP, FALSE, 39, 16);
INSERT INTO bookmark (bookmark_id, enrollment_time, is_deleted, board_id, user_id) VALUES (28, CURRENT_TIMESTAMP, FALSE, 6, 2);
INSERT INTO bookmark (bookmark_id, enrollment_time, is_deleted, board_id, user_id) VALUES (29, CURRENT_TIMESTAMP, FALSE, 15, 2);
INSERT INTO friend_board (board_id, user_id, game_id, team_id, friend_city_id, title, text, gender, age, created_at, updated_at, is_deleted) VALUES (1, 6, 4, 6, 8, '직관 친구 구해요 1', '저녁 경기 같이 보실 분?', NULL, 31, CURRENT_TIMESTAMP, NULL, FALSE);
INSERT INTO friend_board (board_id, user_id, game_id, team_id, friend_city_id, title, text, gender, age, created_at, updated_at, is_deleted) VALUES (2, 3, 12, NULL, 6, '직관 친구 구해요 2', '주말 경기 같이 보실 분?', 'M', 22, CURRENT_TIMESTAMP, NULL, FALSE);
INSERT INTO friend_board (board_id, user_id, game_id, team_id, friend_city_id, title, text, gender, age, created_at, updated_at, is_deleted) VALUES (3, 28, 10, 9, 6, '직관 친구 구해요 3', '저녁 경기 같이 보실 분?', 'M', 33, CURRENT_TIMESTAMP, NULL, FALSE);
INSERT INTO friend_board (board_id, user_id, game_id, team_id, friend_city_id, title, text, gender, age, created_at, updated_at, is_deleted) VALUES (4, 10, 3, 6, NULL, '직관 친구 구해요 4', '평일 경기 같이 보실 분?', NULL, 34, CURRENT_TIMESTAMP, NULL, FALSE);
INSERT INTO friend_board (board_id, user_id, game_id, team_id, friend_city_id, title, text, gender, age, created_at, updated_at, is_deleted) VALUES (5, 27, 11, 1, 6, '직관 친구 구해요 5', '주말 경기 같이 보실 분?', NULL, 33, CURRENT_TIMESTAMP, NULL, FALSE);
INSERT INTO friend_board (board_id, user_id, game_id, team_id, friend_city_id, title, text, gender, age, created_at, updated_at, is_deleted) VALUES (6, 19, 12, 8, 1, '직관 친구 구해요 6', '평일 경기 같이 보실 분?', 'M', 30, CURRENT_TIMESTAMP, NULL, FALSE);
INSERT INTO friend_board (board_id, user_id, game_id, team_id, friend_city_id, title, text, gender, age, created_at, updated_at, is_deleted) VALUES (7, 8, 10, 2, 1, '직관 친구 구해요 7', '저녁 경기 같이 보실 분?', 'F', 23, CURRENT_TIMESTAMP, NULL, FALSE);
INSERT INTO friend_board (board_id, user_id, game_id, team_id, friend_city_id, title, text, gender, age, created_at, updated_at, is_deleted) VALUES (8, 17, 16, 3, 5, '직관 친구 구해요 8', '평일 경기 같이 보실 분?', 'F', 24, CURRENT_TIMESTAMP, NULL, FALSE);
INSERT INTO friend_board (board_id, user_id, game_id, team_id, friend_city_id, title, text, gender, age, created_at, updated_at, is_deleted) VALUES (9, 8, 3, 2, 4, '직관 친구 구해요 9', '주말 경기 같이 보실 분?', NULL, 24, CURRENT_TIMESTAMP, NULL, FALSE);
INSERT INTO friend_board (board_id, user_id, game_id, team_id, friend_city_id, title, text, gender, age, created_at, updated_at, is_deleted) VALUES (10, 25, 20, 1, 2, '직관 친구 구해요 10', '저녁 경기 같이 보실 분?', 'M', 34, CURRENT_TIMESTAMP, NULL, FALSE);
INSERT INTO friend_board (board_id, user_id, game_id, team_id, friend_city_id, title, text, gender, age, created_at, updated_at, is_deleted) VALUES (11, 25, 18, 9, 7, '직관 친구 구해요 11', '저녁 경기 같이 보실 분?', 'F', 30, CURRENT_TIMESTAMP, NULL, FALSE);
INSERT INTO friend_board (board_id, user_id, game_id, team_id, friend_city_id, title, text, gender, age, created_at, updated_at, is_deleted) VALUES (12, 28, 20, 5, 2, '직관 친구 구해요 12', '평일 경기 같이 보실 분?', NULL, 35, CURRENT_TIMESTAMP, NULL, FALSE);
INSERT INTO friend_board (board_id, user_id, game_id, team_id, friend_city_id, title, text, gender, age, created_at, updated_at, is_deleted) VALUES (13, 15, 20, 4, 4, '직관 친구 구해요 13', '저녁 경기 같이 보실 분?', NULL, 31, CURRENT_TIMESTAMP, NULL, FALSE);
INSERT INTO friend_board (board_id, user_id, game_id, team_id, friend_city_id, title, text, gender, age, created_at, updated_at, is_deleted) VALUES (14, 17, 2, 4, 7, '직관 친구 구해요 14', '평일 경기 같이 보실 분?', NULL, 21, CURRENT_TIMESTAMP, NULL, FALSE);
INSERT INTO friend_board (board_id, user_id, game_id, team_id, friend_city_id, title, text, gender, age, created_at, updated_at, is_deleted) VALUES (15, 12, 9, 1, 10, '직관 친구 구해요 15', '주말 경기 같이 보실 분?', 'F', 32, CURRENT_TIMESTAMP, NULL, FALSE);
INSERT INTO friend_comment (comment_id, parent_comment_id, user_id, board_id, text, created_at, updated_at, is_deleted) VALUES (1, NULL, 19, 8, '친구댓글 1 남깁니다.', CURRENT_TIMESTAMP, NULL, FALSE);
INSERT INTO friend_comment (comment_id, parent_comment_id, user_id, board_id, text, created_at, updated_at, is_deleted) VALUES (2, NULL, 26, 9, '친구댓글 2 남깁니다.', CURRENT_TIMESTAMP, NULL, FALSE);
INSERT INTO friend_comment (comment_id, parent_comment_id, user_id, board_id, text, created_at, updated_at, is_deleted) VALUES (3, NULL, 29, 12, '친구댓글 3 남깁니다.', CURRENT_TIMESTAMP, NULL, FALSE);
INSERT INTO friend_comment (comment_id, parent_comment_id, user_id, board_id, text, created_at, updated_at, is_deleted) VALUES (4, NULL, 15, 1, '친구댓글 4 남깁니다.', CURRENT_TIMESTAMP, NULL, FALSE);
INSERT INTO friend_comment (comment_id, parent_comment_id, user_id, board_id, text, created_at, updated_at, is_deleted) VALUES (5, NULL, 26, 15, '친구댓글 5 남깁니다.', CURRENT_TIMESTAMP, NULL, FALSE);
INSERT INTO friend_comment (comment_id, parent_comment_id, user_id, board_id, text, created_at, updated_at, is_deleted) VALUES (6, NULL, 21, 10, '친구댓글 6 남깁니다.', CURRENT_TIMESTAMP, NULL, FALSE);
INSERT INTO friend_comment (comment_id, parent_comment_id, user_id, board_id, text, created_at, updated_at, is_deleted) VALUES (7, NULL, 11, 4, '친구댓글 7 남깁니다.', CURRENT_TIMESTAMP, NULL, FALSE);
INSERT INTO friend_comment (comment_id, parent_comment_id, user_id, board_id, text, created_at, updated_at, is_deleted) VALUES (8, NULL, 16, 10, '친구댓글 8 남깁니다.', CURRENT_TIMESTAMP, NULL, FALSE);
INSERT INTO friend_comment (comment_id, parent_comment_id, user_id, board_id, text, created_at, updated_at, is_deleted) VALUES (9, NULL, 5, 9, '친구댓글 9 남깁니다.', CURRENT_TIMESTAMP, NULL, FALSE);
INSERT INTO friend_comment (comment_id, parent_comment_id, user_id, board_id, text, created_at, updated_at, is_deleted) VALUES (10, NULL, 15, 1, '친구댓글 10 남깁니다.', CURRENT_TIMESTAMP, NULL, FALSE);
INSERT INTO friend_comment (comment_id, parent_comment_id, user_id, board_id, text, created_at, updated_at, is_deleted) VALUES (11, NULL, 26, 2, '친구댓글 11 남깁니다.', CURRENT_TIMESTAMP, NULL, FALSE);
INSERT INTO friend_comment (comment_id, parent_comment_id, user_id, board_id, text, created_at, updated_at, is_deleted) VALUES (12, NULL, 27, 15, '친구댓글 12 남깁니다.', CURRENT_TIMESTAMP, NULL, FALSE);
INSERT INTO friend_comment (comment_id, parent_comment_id, user_id, board_id, text, created_at, updated_at, is_deleted) VALUES (13, NULL, 23, 6, '친구댓글 13 남깁니다.', CURRENT_TIMESTAMP, NULL, FALSE);
INSERT INTO friend_comment (comment_id, parent_comment_id, user_id, board_id, text, created_at, updated_at, is_deleted) VALUES (14, NULL, 17, 2, '친구댓글 14 남깁니다.', CURRENT_TIMESTAMP, NULL, FALSE);
INSERT INTO friend_comment (comment_id, parent_comment_id, user_id, board_id, text, created_at, updated_at, is_deleted) VALUES (15, NULL, 6, 11, '친구댓글 15 남깁니다.', CURRENT_TIMESTAMP, NULL, FALSE);
INSERT INTO friend_comment (comment_id, parent_comment_id, user_id, board_id, text, created_at, updated_at, is_deleted) VALUES (16, NULL, 8, 1, '친구댓글 16 남깁니다.', CURRENT_TIMESTAMP, NULL, FALSE);
INSERT INTO friend_comment (comment_id, parent_comment_id, user_id, board_id, text, created_at, updated_at, is_deleted) VALUES (17, NULL, 15, 12, '친구댓글 17 남깁니다.', CURRENT_TIMESTAMP, NULL, FALSE);
INSERT INTO friend_comment (comment_id, parent_comment_id, user_id, board_id, text, created_at, updated_at, is_deleted) VALUES (18, NULL, 17, 8, '친구댓글 18 남깁니다.', CURRENT_TIMESTAMP, NULL, FALSE);
INSERT INTO friend_comment (comment_id, parent_comment_id, user_id, board_id, text, created_at, updated_at, is_deleted) VALUES (19, NULL, 20, 9, '친구댓글 19 남깁니다.', CURRENT_TIMESTAMP, NULL, FALSE);
INSERT INTO friend_comment (comment_id, parent_comment_id, user_id, board_id, text, created_at, updated_at, is_deleted) VALUES (20, NULL, 12, 3, '친구댓글 20 남깁니다.', CURRENT_TIMESTAMP, NULL, FALSE);
INSERT INTO friend_comment (comment_id, parent_comment_id, user_id, board_id, text, created_at, updated_at, is_deleted) VALUES (21, NULL, 30, 6, '친구댓글 21 남깁니다.', CURRENT_TIMESTAMP, NULL, FALSE);
INSERT INTO friend_comment (comment_id, parent_comment_id, user_id, board_id, text, created_at, updated_at, is_deleted) VALUES (22, NULL, 13, 5, '친구댓글 22 남깁니다.', CURRENT_TIMESTAMP, NULL, FALSE);
INSERT INTO friend_comment (comment_id, parent_comment_id, user_id, board_id, text, created_at, updated_at, is_deleted) VALUES (23, NULL, 25, 7, '친구댓글 23 남깁니다.', CURRENT_TIMESTAMP, NULL, FALSE);
INSERT INTO friend_comment (comment_id, parent_comment_id, user_id, board_id, text, created_at, updated_at, is_deleted) VALUES (24, NULL, 22, 6, '친구댓글 24 남깁니다.', CURRENT_TIMESTAMP, NULL, FALSE);
INSERT INTO friend_comment (comment_id, parent_comment_id, user_id, board_id, text, created_at, updated_at, is_deleted) VALUES (25, NULL, 2, 10, '친구댓글 25 남깁니다.', CURRENT_TIMESTAMP, NULL, FALSE);
INSERT INTO friend_comment (comment_id, parent_comment_id, user_id, board_id, text, created_at, updated_at, is_deleted) VALUES (26, NULL, 21, 13, '친구댓글 26 남깁니다.', CURRENT_TIMESTAMP, NULL, FALSE);
INSERT INTO friend_comment (comment_id, parent_comment_id, user_id, board_id, text, created_at, updated_at, is_deleted) VALUES (27, NULL, 11, 11, '친구댓글 27 남깁니다.', CURRENT_TIMESTAMP, NULL, FALSE);
INSERT INTO friend_comment (comment_id, parent_comment_id, user_id, board_id, text, created_at, updated_at, is_deleted) VALUES (28, NULL, 11, 2, '친구댓글 28 남깁니다.', CURRENT_TIMESTAMP, NULL, FALSE);
INSERT INTO friend_comment (comment_id, parent_comment_id, user_id, board_id, text, created_at, updated_at, is_deleted) VALUES (29, NULL, 18, 2, '친구댓글 29 남깁니다.', CURRENT_TIMESTAMP, NULL, FALSE);
INSERT INTO friend_comment (comment_id, parent_comment_id, user_id, board_id, text, created_at, updated_at, is_deleted) VALUES (30, NULL, 13, 11, '친구댓글 30 남깁니다.', CURRENT_TIMESTAMP, NULL, FALSE);
INSERT INTO friend_comment (comment_id, parent_comment_id, user_id, board_id, text, created_at, updated_at, is_deleted) VALUES (31, NULL, 9, 5, '친구댓글 31 남깁니다.', CURRENT_TIMESTAMP, NULL, FALSE);
INSERT INTO friend_comment (comment_id, parent_comment_id, user_id, board_id, text, created_at, updated_at, is_deleted) VALUES (32, NULL, 28, 12, '친구댓글 32 남깁니다.', CURRENT_TIMESTAMP, NULL, FALSE);
INSERT INTO friend_comment (comment_id, parent_comment_id, user_id, board_id, text, created_at, updated_at, is_deleted) VALUES (33, NULL, 30, 11, '친구댓글 33 남깁니다.', CURRENT_TIMESTAMP, NULL, FALSE);
INSERT INTO friend_comment (comment_id, parent_comment_id, user_id, board_id, text, created_at, updated_at, is_deleted) VALUES (34, NULL, 28, 10, '친구댓글 34 남깁니다.', CURRENT_TIMESTAMP, NULL, FALSE);
INSERT INTO friend_comment (comment_id, parent_comment_id, user_id, board_id, text, created_at, updated_at, is_deleted) VALUES (35, NULL, 11, 3, '친구댓글 35 남깁니다.', CURRENT_TIMESTAMP, NULL, FALSE);
INSERT INTO friend_comment (comment_id, parent_comment_id, user_id, board_id, text, created_at, updated_at, is_deleted) VALUES (36, NULL, 19, 2, '친구댓글 36 남깁니다.', CURRENT_TIMESTAMP, NULL, FALSE);
INSERT INTO friend_comment (comment_id, parent_comment_id, user_id, board_id, text, created_at, updated_at, is_deleted) VALUES (37, NULL, 5, 11, '친구댓글 37 남깁니다.', CURRENT_TIMESTAMP, NULL, FALSE);
INSERT INTO friend_comment (comment_id, parent_comment_id, user_id, board_id, text, created_at, updated_at, is_deleted) VALUES (38, NULL, 12, 15, '친구댓글 38 남깁니다.', CURRENT_TIMESTAMP, NULL, FALSE);
INSERT INTO friend_comment (comment_id, parent_comment_id, user_id, board_id, text, created_at, updated_at, is_deleted) VALUES (39, NULL, 21, 5, '친구댓글 39 남깁니다.', CURRENT_TIMESTAMP, NULL, FALSE);
INSERT INTO friend_comment (comment_id, parent_comment_id, user_id, board_id, text, created_at, updated_at, is_deleted) VALUES (40, NULL, 22, 12, '친구댓글 40 남깁니다.', CURRENT_TIMESTAMP, NULL, FALSE);
INSERT INTO player (player_id, name, nationality, height, weight, position, uniform_number, debut_date, retire_date, career_highlight, throw_bat, team_id) VALUES (1, 'Samsung Player1', 'KOR', 190, 92, 'DH', 51, '2019-01-22 00:00:00', NULL, NULL, 'R/L', 1);
INSERT INTO player (player_id, name, nationality, height, weight, position, uniform_number, debut_date, retire_date, career_highlight, throw_bat, team_id) VALUES (2, 'Samsung Player2', 'DOM', 175, 78, 'IF', 17, '2023-08-05 00:00:00', NULL, '팀 MVP', 'L/R', 1);
INSERT INTO player (player_id, name, nationality, height, weight, position, uniform_number, debut_date, retire_date, career_highlight, throw_bat, team_id) VALUES (3, 'Samsung Player3', 'USA', 174, 74, 'P', 77, '2018-04-26 00:00:00', NULL, NULL, 'S/R', 1);
INSERT INTO player (player_id, name, nationality, height, weight, position, uniform_number, debut_date, retire_date, career_highlight, throw_bat, team_id) VALUES (4, 'Samsung Player4', 'KOR', 191, 86, 'DH', 11, '2016-06-20 00:00:00', NULL, '팀 MVP', 'L/R', 1);
INSERT INTO player (player_id, name, nationality, height, weight, position, uniform_number, debut_date, retire_date, career_highlight, throw_bat, team_id) VALUES (5, 'Samsung Player5', 'USA', 175, 104, 'C', 40, '2023-02-01 00:00:00', NULL, '팀 MVP', 'R/R', 1);
INSERT INTO player (player_id, name, nationality, height, weight, position, uniform_number, debut_date, retire_date, career_highlight, throw_bat, team_id) VALUES (6, 'Samsung Player6', 'JPN', 181, 80, 'OF', 72, '2021-11-05 00:00:00', NULL, '골든글러브 후보', 'L/L', 1);
INSERT INTO player (player_id, name, nationality, height, weight, position, uniform_number, debut_date, retire_date, career_highlight, throw_bat, team_id) VALUES (7, 'Samsung Player7', 'USA', 187, 80, 'IF', 49, '2024-01-26 00:00:00', NULL, '팀 MVP', 'L/R', 1);
INSERT INTO player (player_id, name, nationality, height, weight, position, uniform_number, debut_date, retire_date, career_highlight, throw_bat, team_id) VALUES (8, 'Samsung Player8', 'DOM', 191, 101, 'OF', 43, '2020-03-06 00:00:00', NULL, '골든글러브 후보', 'L/L', 1);
INSERT INTO player (player_id, name, nationality, height, weight, position, uniform_number, debut_date, retire_date, career_highlight, throw_bat, team_id) VALUES (9, 'Samsung Player9', 'JPN', 175, 77, 'DH', 78, '2016-07-20 00:00:00', NULL, '골든글러브 후보', 'R/R', 1);
INSERT INTO player (player_id, name, nationality, height, weight, position, uniform_number, debut_date, retire_date, career_highlight, throw_bat, team_id) VALUES (10, 'Samsung Player10', 'JPN', 181, 100, 'P', 68, '2022-12-23 00:00:00', NULL, NULL, 'R/L', 1);
INSERT INTO player (player_id, name, nationality, height, weight, position, uniform_number, debut_date, retire_date, career_highlight, throw_bat, team_id) VALUES (11, 'Doosan Player1', 'DOM', 170, 91, 'P', 11, '2019-06-12 00:00:00', NULL, '골든글러브 후보', 'L/R', 2);
INSERT INTO player (player_id, name, nationality, height, weight, position, uniform_number, debut_date, retire_date, career_highlight, throw_bat, team_id) VALUES (12, 'Doosan Player2', 'JPN', 172, 88, 'C', 21, '2015-04-26 00:00:00', NULL, '골든글러브 후보', 'R/R', 2);
INSERT INTO player (player_id, name, nationality, height, weight, position, uniform_number, debut_date, retire_date, career_highlight, throw_bat, team_id) VALUES (13, 'Doosan Player3', 'DOM', 195, 74, 'C', 35, '2015-06-06 00:00:00', NULL, '골든글러브 후보', 'L/L', 2);
INSERT INTO player (player_id, name, nationality, height, weight, position, uniform_number, debut_date, retire_date, career_highlight, throw_bat, team_id) VALUES (14, 'Doosan Player4', 'USA', 194, 95, 'OF', 58, '2021-11-25 00:00:00', NULL, NULL, 'R/R', 2);
INSERT INTO player (player_id, name, nationality, height, weight, position, uniform_number, debut_date, retire_date, career_highlight, throw_bat, team_id) VALUES (15, 'Doosan Player5', 'KOR', 178, 78, 'C', 66, '2021-02-25 00:00:00', NULL, '팀 MVP', 'R/R', 2);
INSERT INTO player (player_id, name, nationality, height, weight, position, uniform_number, debut_date, retire_date, career_highlight, throw_bat, team_id) VALUES (16, 'Doosan Player6', 'DOM', 177, 84, 'P', 19, '2015-07-15 00:00:00', NULL, '올스타 선정', 'L/L', 2);
INSERT INTO player (player_id, name, nationality, height, weight, position, uniform_number, debut_date, retire_date, career_highlight, throw_bat, team_id) VALUES (17, 'Doosan Player7', 'JPN', 172, 72, 'OF', 56, '2021-09-10 00:00:00', NULL, NULL, 'S/R', 2);
INSERT INTO player (player_id, name, nationality, height, weight, position, uniform_number, debut_date, retire_date, career_highlight, throw_bat, team_id) VALUES (18, 'Doosan Player8', 'USA', 192, 74, 'IF', 12, '2019-10-25 00:00:00', NULL, NULL, 'S/R', 2);
INSERT INTO player (player_id, name, nationality, height, weight, position, uniform_number, debut_date, retire_date, career_highlight, throw_bat, team_id) VALUES (19, 'Doosan Player9', 'DOM', 177, 101, 'OF', 29, '2017-02-06 00:00:00', NULL, NULL, 'S/R', 2);
INSERT INTO player (player_id, name, nationality, height, weight, position, uniform_number, debut_date, retire_date, career_highlight, throw_bat, team_id) VALUES (20, 'Doosan Player10', 'DOM', 172, 98, 'DH', 76, '2020-09-09 00:00:00', NULL, NULL, 'L/L', 2);
INSERT INTO player (player_id, name, nationality, height, weight, position, uniform_number, debut_date, retire_date, career_highlight, throw_bat, team_id) VALUES (21, 'LG Player1', 'KOR', 194, 102, 'IF', 61, '2016-06-30 00:00:00', NULL, NULL, 'R/L', 3);
INSERT INTO player (player_id, name, nationality, height, weight, position, uniform_number, debut_date, retire_date, career_highlight, throw_bat, team_id) VALUES (22, 'LG Player2', 'DOM', 190, 76, 'OF', 6, '2022-10-19 00:00:00', NULL, '팀 MVP', 'L/R', 3);
INSERT INTO player (player_id, name, nationality, height, weight, position, uniform_number, debut_date, retire_date, career_highlight, throw_bat, team_id) VALUES (23, 'LG Player3', 'USA', 172, 94, 'P', 50, '2018-04-16 00:00:00', NULL, '올스타 선정', 'R/R', 3);
INSERT INTO player (player_id, name, nationality, height, weight, position, uniform_number, debut_date, retire_date, career_highlight, throw_bat, team_id) VALUES (24, 'LG Player4', 'USA', 171, 85, 'IF', 48, '2020-10-12 00:00:00', NULL, '팀 MVP', 'S/R', 3);
INSERT INTO player (player_id, name, nationality, height, weight, position, uniform_number, debut_date, retire_date, career_highlight, throw_bat, team_id) VALUES (25, 'LG Player5', 'JPN', 178, 67, 'C', 33, '2018-03-17 00:00:00', NULL, '골든글러브 후보', 'R/R', 3);
INSERT INTO player (player_id, name, nationality, height, weight, position, uniform_number, debut_date, retire_date, career_highlight, throw_bat, team_id) VALUES (26, 'LG Player6', 'DOM', 178, 72, 'IF', 3, '2019-11-25 00:00:00', NULL, '팀 MVP', 'L/L', 3);
INSERT INTO player (player_id, name, nationality, height, weight, position, uniform_number, debut_date, retire_date, career_highlight, throw_bat, team_id) VALUES (27, 'LG Player7', 'JPN', 180, 76, 'OF', 46, '2022-10-05 00:00:00', NULL, '팀 MVP', 'R/L', 3);
INSERT INTO player (player_id, name, nationality, height, weight, position, uniform_number, debut_date, retire_date, career_highlight, throw_bat, team_id) VALUES (28, 'LG Player8', 'DOM', 195, 70, 'OF', 9, '2015-11-20 00:00:00', NULL, '팀 MVP', 'S/R', 3);
INSERT INTO player (player_id, name, nationality, height, weight, position, uniform_number, debut_date, retire_date, career_highlight, throw_bat, team_id) VALUES (29, 'LG Player9', 'USA', 187, 83, 'IF', 45, '2016-02-25 00:00:00', NULL, NULL, 'R/L', 3);
INSERT INTO player (player_id, name, nationality, height, weight, position, uniform_number, debut_date, retire_date, career_highlight, throw_bat, team_id) VALUES (30, 'LG Player10', 'DOM', 179, 93, 'DH', 31, '2023-01-18 00:00:00', NULL, '팀 MVP', 'L/R', 3);
INSERT INTO player (player_id, name, nationality, height, weight, position, uniform_number, debut_date, retire_date, career_highlight, throw_bat, team_id) VALUES (31, 'SSG Player1', 'DOM', 186, 75, 'P', 57, '2016-08-07 00:00:00', NULL, '팀 MVP', 'R/R', 4);
INSERT INTO player (player_id, name, nationality, height, weight, position, uniform_number, debut_date, retire_date, career_highlight, throw_bat, team_id) VALUES (32, 'SSG Player2', 'USA', 172, 80, 'IF', 45, '2019-01-23 00:00:00', NULL, '팀 MVP', 'S/R', 4);
INSERT INTO player (player_id, name, nationality, height, weight, position, uniform_number, debut_date, retire_date, career_highlight, throw_bat, team_id) VALUES (33, 'SSG Player3', 'KOR', 189, 74, 'OF', 58, '2019-02-28 00:00:00', NULL, '골든글러브 후보', 'L/L', 4);
INSERT INTO player (player_id, name, nationality, height, weight, position, uniform_number, debut_date, retire_date, career_highlight, throw_bat, team_id) VALUES (34, 'SSG Player4', 'KOR', 188, 73, 'DH', 6, '2019-02-12 00:00:00', NULL, '팀 MVP', 'R/L', 4);
INSERT INTO player (player_id, name, nationality, height, weight, position, uniform_number, debut_date, retire_date, career_highlight, throw_bat, team_id) VALUES (35, 'SSG Player5', 'DOM', 177, 72, 'P', 46, '2023-04-02 00:00:00', NULL, '올스타 선정', 'L/L', 4);
INSERT INTO player (player_id, name, nationality, height, weight, position, uniform_number, debut_date, retire_date, career_highlight, throw_bat, team_id) VALUES (36, 'SSG Player6', 'JPN', 187, 72, 'IF', 56, '2023-09-10 00:00:00', NULL, '골든글러브 후보', 'L/L', 4);
INSERT INTO player (player_id, name, nationality, height, weight, position, uniform_number, debut_date, retire_date, career_highlight, throw_bat, team_id) VALUES (37, 'SSG Player7', 'USA', 189, 83, 'OF', 36, '2017-03-30 00:00:00', NULL, NULL, 'L/R', 4);
INSERT INTO player (player_id, name, nationality, height, weight, position, uniform_number, debut_date, retire_date, career_highlight, throw_bat, team_id) VALUES (38, 'SSG Player8', 'KOR', 184, 76, 'OF', 8, '2015-12-26 00:00:00', NULL, '골든글러브 후보', 'R/L', 4);
INSERT INTO player (player_id, name, nationality, height, weight, position, uniform_number, debut_date, retire_date, career_highlight, throw_bat, team_id) VALUES (39, 'SSG Player9', 'KOR', 187, 99, 'IF', 10, '2024-12-29 00:00:00', NULL, '골든글러브 후보', 'L/R', 4);
INSERT INTO player (player_id, name, nationality, height, weight, position, uniform_number, debut_date, retire_date, career_highlight, throw_bat, team_id) VALUES (40, 'SSG Player10', 'USA', 195, 88, 'DH', 52, '2017-07-07 00:00:00', NULL, NULL, 'L/R', 4);
INSERT INTO player (player_id, name, nationality, height, weight, position, uniform_number, debut_date, retire_date, career_highlight, throw_bat, team_id) VALUES (41, 'Lotte Player1', 'KOR', 172, 84, 'OF', 18, '2023-01-15 00:00:00', NULL, '팀 MVP', 'S/R', 5);
INSERT INTO player (player_id, name, nationality, height, weight, position, uniform_number, debut_date, retire_date, career_highlight, throw_bat, team_id) VALUES (42, 'Lotte Player2', 'JPN', 194, 91, 'DH', 31, '2015-10-30 00:00:00', NULL, '올스타 선정', 'R/L', 5);
INSERT INTO player (player_id, name, nationality, height, weight, position, uniform_number, debut_date, retire_date, career_highlight, throw_bat, team_id) VALUES (43, 'Lotte Player3', 'KOR', 184, 94, 'DH', 64, '2018-11-12 00:00:00', NULL, '올스타 선정', 'S/R', 5);
INSERT INTO player (player_id, name, nationality, height, weight, position, uniform_number, debut_date, retire_date, career_highlight, throw_bat, team_id) VALUES (44, 'Lotte Player4', 'USA', 194, 73, 'OF', 4, '2020-08-21 00:00:00', NULL, NULL, 'R/R', 5);
INSERT INTO player (player_id, name, nationality, height, weight, position, uniform_number, debut_date, retire_date, career_highlight, throw_bat, team_id) VALUES (45, 'Lotte Player5', 'USA', 179, 75, 'C', 47, '2018-08-14 00:00:00', NULL, '올스타 선정', 'R/L', 5);
INSERT INTO player (player_id, name, nationality, height, weight, position, uniform_number, debut_date, retire_date, career_highlight, throw_bat, team_id) VALUES (46, 'Lotte Player6', 'DOM', 172, 81, 'C', 71, '2022-02-14 00:00:00', NULL, '골든글러브 후보', 'L/R', 5);
INSERT INTO player (player_id, name, nationality, height, weight, position, uniform_number, debut_date, retire_date, career_highlight, throw_bat, team_id) VALUES (47, 'Lotte Player7', 'DOM', 189, 99, 'P', 48, '2020-08-20 00:00:00', NULL, '올스타 선정', 'S/R', 5);
INSERT INTO player (player_id, name, nationality, height, weight, position, uniform_number, debut_date, retire_date, career_highlight, throw_bat, team_id) VALUES (48, 'Lotte Player8', 'USA', 175, 104, 'DH', 60, '2018-10-14 00:00:00', NULL, NULL, 'R/R', 5);
INSERT INTO player (player_id, name, nationality, height, weight, position, uniform_number, debut_date, retire_date, career_highlight, throw_bat, team_id) VALUES (49, 'Lotte Player9', 'KOR', 171, 101, 'IF', 74, '2022-04-21 00:00:00', NULL, '올스타 선정', 'S/R', 5);
INSERT INTO player (player_id, name, nationality, height, weight, position, uniform_number, debut_date, retire_date, career_highlight, throw_bat, team_id) VALUES (50, 'Lotte Player10', 'JPN', 189, 105, 'P', 17, '2020-08-01 00:00:00', NULL, '골든글러브 후보', 'R/L', 5);
INSERT INTO player (player_id, name, nationality, height, weight, position, uniform_number, debut_date, retire_date, career_highlight, throw_bat, team_id) VALUES (51, 'KIA Player1', 'JPN', 184, 78, 'IF', 62, '2021-10-20 00:00:00', NULL, '올스타 선정', 'R/L', 6);
INSERT INTO player (player_id, name, nationality, height, weight, position, uniform_number, debut_date, retire_date, career_highlight, throw_bat, team_id) VALUES (52, 'KIA Player2', 'DOM', 193, 87, 'OF', 32, '2016-06-19 00:00:00', NULL, '골든글러브 후보', 'S/R', 6);
INSERT INTO player (player_id, name, nationality, height, weight, position, uniform_number, debut_date, retire_date, career_highlight, throw_bat, team_id) VALUES (53, 'KIA Player3', 'KOR', 180, 80, 'OF', 52, '2016-05-16 00:00:00', NULL, '골든글러브 후보', 'L/L', 6);
INSERT INTO player (player_id, name, nationality, height, weight, position, uniform_number, debut_date, retire_date, career_highlight, throw_bat, team_id) VALUES (54, 'KIA Player4', 'USA', 174, 71, 'P', 39, '2018-04-03 00:00:00', NULL, '팀 MVP', 'S/R', 6);
INSERT INTO player (player_id, name, nationality, height, weight, position, uniform_number, debut_date, retire_date, career_highlight, throw_bat, team_id) VALUES (55, 'KIA Player5', 'JPN', 177, 75, 'IF', 59, '2021-06-24 00:00:00', NULL, '골든글러브 후보', 'L/R', 6);
INSERT INTO player (player_id, name, nationality, height, weight, position, uniform_number, debut_date, retire_date, career_highlight, throw_bat, team_id) VALUES (56, 'KIA Player6', 'USA', 185, 97, 'OF', 10, '2020-08-04 00:00:00', NULL, '골든글러브 후보', 'L/L', 6);
INSERT INTO player (player_id, name, nationality, height, weight, position, uniform_number, debut_date, retire_date, career_highlight, throw_bat, team_id) VALUES (57, 'KIA Player7', 'KOR', 172, 90, 'DH', 8, '2020-02-16 00:00:00', NULL, '올스타 선정', 'L/R', 6);
INSERT INTO player (player_id, name, nationality, height, weight, position, uniform_number, debut_date, retire_date, career_highlight, throw_bat, team_id) VALUES (58, 'KIA Player8', 'DOM', 171, 68, 'IF', 21, '2020-07-20 00:00:00', NULL, '팀 MVP', 'R/L', 6);
INSERT INTO player (player_id, name, nationality, height, weight, position, uniform_number, debut_date, retire_date, career_highlight, throw_bat, team_id) VALUES (59, 'KIA Player9', 'KOR', 173, 92, 'C', 57, '2024-11-23 00:00:00', NULL, '골든글러브 후보', 'R/L', 6);
INSERT INTO player (player_id, name, nationality, height, weight, position, uniform_number, debut_date, retire_date, career_highlight, throw_bat, team_id) VALUES (60, 'KIA Player10', 'JPN', 181, 67, 'OF', 54, '2015-07-29 00:00:00', NULL, '올스타 선정', 'R/L', 6);
INSERT INTO player (player_id, name, nationality, height, weight, position, uniform_number, debut_date, retire_date, career_highlight, throw_bat, team_id) VALUES (61, 'Hanwha Player1', 'KOR', 182, 88, 'IF', 71, '2021-04-03 00:00:00', NULL, '골든글러브 후보', 'L/R', 7);
INSERT INTO player (player_id, name, nationality, height, weight, position, uniform_number, debut_date, retire_date, career_highlight, throw_bat, team_id) VALUES (62, 'Hanwha Player2', 'USA', 189, 97, 'OF', 37, '2020-08-10 00:00:00', NULL, NULL, 'R/R', 7);
INSERT INTO player (player_id, name, nationality, height, weight, position, uniform_number, debut_date, retire_date, career_highlight, throw_bat, team_id) VALUES (63, 'Hanwha Player3', 'KOR', 174, 86, 'OF', 10, '2020-10-28 00:00:00', NULL, '팀 MVP', 'L/R', 7);
INSERT INTO player (player_id, name, nationality, height, weight, position, uniform_number, debut_date, retire_date, career_highlight, throw_bat, team_id) VALUES (64, 'Hanwha Player4', 'USA', 180, 104, 'IF', 50, '2016-10-27 00:00:00', NULL, '팀 MVP', 'S/R', 7);
INSERT INTO player (player_id, name, nationality, height, weight, position, uniform_number, debut_date, retire_date, career_highlight, throw_bat, team_id) VALUES (65, 'Hanwha Player5', 'DOM', 188, 86, 'DH', 65, '2024-04-15 00:00:00', NULL, '팀 MVP', 'S/R', 7);
INSERT INTO player (player_id, name, nationality, height, weight, position, uniform_number, debut_date, retire_date, career_highlight, throw_bat, team_id) VALUES (66, 'Hanwha Player6', 'DOM', 185, 66, 'IF', 58, '2018-09-18 00:00:00', NULL, NULL, 'L/L', 7);
INSERT INTO player (player_id, name, nationality, height, weight, position, uniform_number, debut_date, retire_date, career_highlight, throw_bat, team_id) VALUES (67, 'Hanwha Player7', 'DOM', 195, 105, 'P', 79, '2021-09-10 00:00:00', NULL, '팀 MVP', 'R/L', 7);
INSERT INTO player (player_id, name, nationality, height, weight, position, uniform_number, debut_date, retire_date, career_highlight, throw_bat, team_id) VALUES (68, 'Hanwha Player8', 'USA', 193, 68, 'DH', 36, '2020-05-21 00:00:00', NULL, '올스타 선정', 'S/R', 7);
INSERT INTO player (player_id, name, nationality, height, weight, position, uniform_number, debut_date, retire_date, career_highlight, throw_bat, team_id) VALUES (69, 'Hanwha Player9', 'JPN', 174, 80, 'P', 16, '2021-06-03 00:00:00', NULL, NULL, 'L/R', 7);
INSERT INTO player (player_id, name, nationality, height, weight, position, uniform_number, debut_date, retire_date, career_highlight, throw_bat, team_id) VALUES (70, 'Hanwha Player10', 'KOR', 184, 85, 'OF', 17, '2016-09-12 00:00:00', NULL, '팀 MVP', 'L/R', 7);
INSERT INTO player (player_id, name, nationality, height, weight, position, uniform_number, debut_date, retire_date, career_highlight, throw_bat, team_id) VALUES (71, 'Kiwoom Player1', 'JPN', 180, 76, 'OF', 53, '2020-12-23 00:00:00', NULL, '골든글러브 후보', 'S/R', 8);
INSERT INTO player (player_id, name, nationality, height, weight, position, uniform_number, debut_date, retire_date, career_highlight, throw_bat, team_id) VALUES (72, 'Kiwoom Player2', 'DOM', 191, 81, 'DH', 65, '2020-06-06 00:00:00', NULL, '올스타 선정', 'L/R', 8);
INSERT INTO player (player_id, name, nationality, height, weight, position, uniform_number, debut_date, retire_date, career_highlight, throw_bat, team_id) VALUES (73, 'Kiwoom Player3', 'DOM', 187, 84, 'C', 61, '2018-05-04 00:00:00', NULL, '골든글러브 후보', 'L/R', 8);
INSERT INTO player (player_id, name, nationality, height, weight, position, uniform_number, debut_date, retire_date, career_highlight, throw_bat, team_id) VALUES (74, 'Kiwoom Player4', 'JPN', 180, 95, 'IF', 8, '2021-04-14 00:00:00', NULL, '골든글러브 후보', 'R/L', 8);
INSERT INTO player (player_id, name, nationality, height, weight, position, uniform_number, debut_date, retire_date, career_highlight, throw_bat, team_id) VALUES (75, 'Kiwoom Player5', 'KOR', 188, 99, 'OF', 18, '2019-06-05 00:00:00', NULL, '골든글러브 후보', 'L/R', 8);
INSERT INTO player (player_id, name, nationality, height, weight, position, uniform_number, debut_date, retire_date, career_highlight, throw_bat, team_id) VALUES (76, 'Kiwoom Player6', 'DOM', 171, 83, 'P', 67, '2018-11-19 00:00:00', NULL, '팀 MVP', 'R/L', 8);
INSERT INTO player (player_id, name, nationality, height, weight, position, uniform_number, debut_date, retire_date, career_highlight, throw_bat, team_id) VALUES (77, 'Kiwoom Player7', 'JPN', 176, 77, 'DH', 27, '2018-01-15 00:00:00', NULL, '골든글러브 후보', 'L/R', 8);
INSERT INTO player (player_id, name, nationality, height, weight, position, uniform_number, debut_date, retire_date, career_highlight, throw_bat, team_id) VALUES (78, 'Kiwoom Player8', 'KOR', 189, 102, 'C', 72, '2017-09-20 00:00:00', NULL, NULL, 'S/R', 8);
INSERT INTO player (player_id, name, nationality, height, weight, position, uniform_number, debut_date, retire_date, career_highlight, throw_bat, team_id) VALUES (79, 'Kiwoom Player9', 'USA', 190, 79, 'P', 42, '2016-02-15 00:00:00', NULL, '팀 MVP', 'R/L', 8);
INSERT INTO player (player_id, name, nationality, height, weight, position, uniform_number, debut_date, retire_date, career_highlight, throw_bat, team_id) VALUES (80, 'Kiwoom Player10', 'JPN', 173, 73, 'P', 62, '2021-03-04 00:00:00', NULL, '올스타 선정', 'L/L', 8);
INSERT INTO player (player_id, name, nationality, height, weight, position, uniform_number, debut_date, retire_date, career_highlight, throw_bat, team_id) VALUES (81, 'NC Player1', 'KOR', 175, 91, 'C', 61, '2015-05-29 00:00:00', NULL, '팀 MVP', 'L/L', 9);
INSERT INTO player (player_id, name, nationality, height, weight, position, uniform_number, debut_date, retire_date, career_highlight, throw_bat, team_id) VALUES (82, 'NC Player2', 'USA', 193, 83, 'P', 62, '2015-02-07 00:00:00', NULL, '골든글러브 후보', 'S/R', 9);
INSERT INTO player (player_id, name, nationality, height, weight, position, uniform_number, debut_date, retire_date, career_highlight, throw_bat, team_id) VALUES (83, 'NC Player3', 'KOR', 180, 83, 'OF', 26, '2022-03-11 00:00:00', NULL, '팀 MVP', 'L/R', 9);
INSERT INTO player (player_id, name, nationality, height, weight, position, uniform_number, debut_date, retire_date, career_highlight, throw_bat, team_id) VALUES (84, 'NC Player4', 'JPN', 178, 77, 'P', 37, '2018-09-16 00:00:00', NULL, '올스타 선정', 'L/L', 9);
INSERT INTO player (player_id, name, nationality, height, weight, position, uniform_number, debut_date, retire_date, career_highlight, throw_bat, team_id) VALUES (85, 'NC Player5', 'DOM', 192, 76, 'P', 42, '2023-04-06 00:00:00', NULL, '골든글러브 후보', 'R/L', 9);
INSERT INTO player (player_id, name, nationality, height, weight, position, uniform_number, debut_date, retire_date, career_highlight, throw_bat, team_id) VALUES (86, 'NC Player6', 'USA', 175, 104, 'OF', 76, '2024-04-10 00:00:00', NULL, '팀 MVP', 'S/R', 9);
INSERT INTO player (player_id, name, nationality, height, weight, position, uniform_number, debut_date, retire_date, career_highlight, throw_bat, team_id) VALUES (87, 'NC Player7', 'DOM', 172, 90, 'P', 8, '2017-01-26 00:00:00', NULL, '올스타 선정', 'L/L', 9);
INSERT INTO player (player_id, name, nationality, height, weight, position, uniform_number, debut_date, retire_date, career_highlight, throw_bat, team_id) VALUES (88, 'NC Player8', 'DOM', 177, 65, 'IF', 12, '2019-04-21 00:00:00', NULL, '올스타 선정', 'L/L', 9);
INSERT INTO player (player_id, name, nationality, height, weight, position, uniform_number, debut_date, retire_date, career_highlight, throw_bat, team_id) VALUES (89, 'NC Player9', 'DOM', 180, 84, 'DH', 30, '2023-02-08 00:00:00', NULL, NULL, 'R/L', 9);
INSERT INTO player (player_id, name, nationality, height, weight, position, uniform_number, debut_date, retire_date, career_highlight, throw_bat, team_id) VALUES (90, 'NC Player10', 'DOM', 192, 80, 'P', 69, '2022-06-28 00:00:00', NULL, NULL, 'L/L', 9);
INSERT INTO player (player_id, name, nationality, height, weight, position, uniform_number, debut_date, retire_date, career_highlight, throw_bat, team_id) VALUES (91, 'KT Player1', 'USA', 185, 74, 'OF', 40, '2023-05-21 00:00:00', NULL, '골든글러브 후보', 'L/L', 10);
INSERT INTO player (player_id, name, nationality, height, weight, position, uniform_number, debut_date, retire_date, career_highlight, throw_bat, team_id) VALUES (92, 'KT Player2', 'JPN', 194, 99, 'C', 21, '2023-07-18 00:00:00', NULL, '올스타 선정', 'S/R', 10);
INSERT INTO player (player_id, name, nationality, height, weight, position, uniform_number, debut_date, retire_date, career_highlight, throw_bat, team_id) VALUES (93, 'KT Player3', 'KOR', 186, 93, 'DH', 52, '2022-11-22 00:00:00', NULL, '골든글러브 후보', 'R/R', 10);
INSERT INTO player (player_id, name, nationality, height, weight, position, uniform_number, debut_date, retire_date, career_highlight, throw_bat, team_id) VALUES (94, 'KT Player4', 'KOR', 171, 100, 'DH', 65, '2017-04-08 00:00:00', NULL, '올스타 선정', 'L/R', 10);
INSERT INTO player (player_id, name, nationality, height, weight, position, uniform_number, debut_date, retire_date, career_highlight, throw_bat, team_id) VALUES (95, 'KT Player5', 'DOM', 186, 93, 'P', 79, '2022-08-18 00:00:00', NULL, '올스타 선정', 'S/R', 10);
INSERT INTO player (player_id, name, nationality, height, weight, position, uniform_number, debut_date, retire_date, career_highlight, throw_bat, team_id) VALUES (96, 'KT Player6', 'JPN', 172, 97, 'OF', 16, '2024-01-26 00:00:00', NULL, NULL, 'L/L', 10);
INSERT INTO player (player_id, name, nationality, height, weight, position, uniform_number, debut_date, retire_date, career_highlight, throw_bat, team_id) VALUES (97, 'KT Player7', 'USA', 186, 91, 'OF', 38, '2021-04-28 00:00:00', NULL, NULL, 'S/R', 10);
INSERT INTO player (player_id, name, nationality, height, weight, position, uniform_number, debut_date, retire_date, career_highlight, throw_bat, team_id) VALUES (98, 'KT Player8', 'JPN', 191, 84, 'P', 48, '2019-06-10 00:00:00', NULL, '골든글러브 후보', 'R/R', 10);
INSERT INTO player (player_id, name, nationality, height, weight, position, uniform_number, debut_date, retire_date, career_highlight, throw_bat, team_id) VALUES (99, 'KT Player9', 'USA', 188, 69, 'P', 29, '2019-10-02 00:00:00', NULL, '골든글러브 후보', 'R/R', 10);
INSERT INTO player (player_id, name, nationality, height, weight, position, uniform_number, debut_date, retire_date, career_highlight, throw_bat, team_id) VALUES (100, 'KT Player10', 'KOR', 172, 95, 'P', 71, '2018-03-21 00:00:00', NULL, '팀 MVP', 'L/R', 10);
INSERT INTO player_comment (player_comment_text_id, text, updated_at, is_deleted, player_id, user_id) VALUES (1, '구속 상승', CURRENT_TIMESTAMP, FALSE, 99, 5);
INSERT INTO player_comment (player_comment_text_id, text, updated_at, is_deleted, player_id, user_id) VALUES (2, '구속 상승', CURRENT_TIMESTAMP, FALSE, 48, 29);
INSERT INTO player_comment (player_comment_text_id, text, updated_at, is_deleted, player_id, user_id) VALUES (3, '구속 상승', CURRENT_TIMESTAMP, FALSE, 58, 28);
INSERT INTO player_comment (player_comment_text_id, text, updated_at, is_deleted, player_id, user_id) VALUES (4, '타격폼 개선됨', CURRENT_TIMESTAMP, FALSE, 49, 3);
INSERT INTO player_comment (player_comment_text_id, text, updated_at, is_deleted, player_id, user_id) VALUES (5, '페이스 좋다', CURRENT_TIMESTAMP, FALSE, 84, 28);
INSERT INTO player_comment (player_comment_text_id, text, updated_at, is_deleted, player_id, user_id) VALUES (6, '구속 상승', CURRENT_TIMESTAMP, FALSE, 16, 6);
INSERT INTO player_comment (player_comment_text_id, text, updated_at, is_deleted, player_id, user_id) VALUES (7, '타격폼 개선됨', CURRENT_TIMESTAMP, FALSE, 68, 5);
INSERT INTO player_comment (player_comment_text_id, text, updated_at, is_deleted, player_id, user_id) VALUES (8, '수비 좋음', CURRENT_TIMESTAMP, FALSE, 1, 25);
INSERT INTO player_comment (player_comment_text_id, text, updated_at, is_deleted, player_id, user_id) VALUES (9, '구속 상승', CURRENT_TIMESTAMP, FALSE, 39, 15);
INSERT INTO player_comment (player_comment_text_id, text, updated_at, is_deleted, player_id, user_id) VALUES (10, '타격폼 개선됨', CURRENT_TIMESTAMP, FALSE, 69, 13);
INSERT INTO player_comment (player_comment_text_id, text, updated_at, is_deleted, player_id, user_id) VALUES (11, '페이스 좋다', CURRENT_TIMESTAMP, FALSE, 32, 15);
INSERT INTO player_comment (player_comment_text_id, text, updated_at, is_deleted, player_id, user_id) VALUES (12, '타격폼 개선됨', CURRENT_TIMESTAMP, FALSE, 20, 9);
INSERT INTO player_comment (player_comment_text_id, text, updated_at, is_deleted, player_id, user_id) VALUES (13, '수비 좋음', CURRENT_TIMESTAMP, FALSE, 93, 25);
INSERT INTO player_comment (player_comment_text_id, text, updated_at, is_deleted, player_id, user_id) VALUES (14, '구속 상승', CURRENT_TIMESTAMP, FALSE, 5, 26);
INSERT INTO player_comment (player_comment_text_id, text, updated_at, is_deleted, player_id, user_id) VALUES (15, '수비 좋음', CURRENT_TIMESTAMP, FALSE, 79, 25);
INSERT INTO player_comment (player_comment_text_id, text, updated_at, is_deleted, player_id, user_id) VALUES (16, '수비 좋음', CURRENT_TIMESTAMP, FALSE, 31, 7);
INSERT INTO player_comment (player_comment_text_id, text, updated_at, is_deleted, player_id, user_id) VALUES (17, '수비 좋음', CURRENT_TIMESTAMP, FALSE, 13, 20);
INSERT INTO player_comment (player_comment_text_id, text, updated_at, is_deleted, player_id, user_id) VALUES (18, '수비 좋음', CURRENT_TIMESTAMP, FALSE, 58, 20);
INSERT INTO player_comment (player_comment_text_id, text, updated_at, is_deleted, player_id, user_id) VALUES (19, '수비 좋음', CURRENT_TIMESTAMP, FALSE, 32, 24);
INSERT INTO player_comment (player_comment_text_id, text, updated_at, is_deleted, player_id, user_id) VALUES (20, '타격폼 개선됨', CURRENT_TIMESTAMP, FALSE, 52, 15);
INSERT INTO player_comment (player_comment_text_id, text, updated_at, is_deleted, player_id, user_id) VALUES (21, '수비 좋음', CURRENT_TIMESTAMP, FALSE, 70, 7);
INSERT INTO player_comment (player_comment_text_id, text, updated_at, is_deleted, player_id, user_id) VALUES (22, '페이스 좋다', CURRENT_TIMESTAMP, FALSE, 18, 17);
INSERT INTO player_comment (player_comment_text_id, text, updated_at, is_deleted, player_id, user_id) VALUES (23, '페이스 좋다', CURRENT_TIMESTAMP, FALSE, 30, 27);
INSERT INTO player_comment (player_comment_text_id, text, updated_at, is_deleted, player_id, user_id) VALUES (24, '페이스 좋다', CURRENT_TIMESTAMP, FALSE, 74, 20);
INSERT INTO player_comment (player_comment_text_id, text, updated_at, is_deleted, player_id, user_id) VALUES (25, '타격폼 개선됨', CURRENT_TIMESTAMP, FALSE, 31, 10);
INSERT INTO player_comment (player_comment_text_id, text, updated_at, is_deleted, player_id, user_id) VALUES (26, '타격폼 개선됨', CURRENT_TIMESTAMP, FALSE, 85, 17);
INSERT INTO player_comment (player_comment_text_id, text, updated_at, is_deleted, player_id, user_id) VALUES (27, '페이스 좋다', CURRENT_TIMESTAMP, FALSE, 53, 10);
INSERT INTO player_comment (player_comment_text_id, text, updated_at, is_deleted, player_id, user_id) VALUES (28, '타격폼 개선됨', CURRENT_TIMESTAMP, FALSE, 8, 18);
INSERT INTO player_comment (player_comment_text_id, text, updated_at, is_deleted, player_id, user_id) VALUES (29, '구속 상승', CURRENT_TIMESTAMP, FALSE, 81, 22);
INSERT INTO player_comment (player_comment_text_id, text, updated_at, is_deleted, player_id, user_id) VALUES (30, '수비 좋음', CURRENT_TIMESTAMP, FALSE, 72, 16);
INSERT INTO player_comment (player_comment_text_id, text, updated_at, is_deleted, player_id, user_id) VALUES (31, '구속 상승', CURRENT_TIMESTAMP, FALSE, 45, 21);
INSERT INTO player_comment (player_comment_text_id, text, updated_at, is_deleted, player_id, user_id) VALUES (32, '구속 상승', CURRENT_TIMESTAMP, FALSE, 68, 11);
INSERT INTO player_comment (player_comment_text_id, text, updated_at, is_deleted, player_id, user_id) VALUES (33, '페이스 좋다', CURRENT_TIMESTAMP, FALSE, 53, 5);
INSERT INTO player_comment (player_comment_text_id, text, updated_at, is_deleted, player_id, user_id) VALUES (34, '구속 상승', CURRENT_TIMESTAMP, FALSE, 49, 6);
INSERT INTO player_comment (player_comment_text_id, text, updated_at, is_deleted, player_id, user_id) VALUES (35, '타격폼 개선됨', CURRENT_TIMESTAMP, FALSE, 31, 28);
INSERT INTO player_comment (player_comment_text_id, text, updated_at, is_deleted, player_id, user_id) VALUES (36, '타격폼 개선됨', CURRENT_TIMESTAMP, FALSE, 39, 28);
INSERT INTO player_comment (player_comment_text_id, text, updated_at, is_deleted, player_id, user_id) VALUES (37, '수비 좋음', CURRENT_TIMESTAMP, FALSE, 60, 30);
INSERT INTO player_comment (player_comment_text_id, text, updated_at, is_deleted, player_id, user_id) VALUES (38, '구속 상승', CURRENT_TIMESTAMP, FALSE, 72, 14);
INSERT INTO player_comment (player_comment_text_id, text, updated_at, is_deleted, player_id, user_id) VALUES (39, '타격폼 개선됨', CURRENT_TIMESTAMP, FALSE, 72, 17);
INSERT INTO player_comment (player_comment_text_id, text, updated_at, is_deleted, player_id, user_id) VALUES (40, '페이스 좋다', CURRENT_TIMESTAMP, FALSE, 50, 8);
INSERT INTO player_comment (player_comment_text_id, text, updated_at, is_deleted, player_id, user_id) VALUES (41, '수비 좋음', CURRENT_TIMESTAMP, FALSE, 27, 11);
INSERT INTO player_comment (player_comment_text_id, text, updated_at, is_deleted, player_id, user_id) VALUES (42, '페이스 좋다', CURRENT_TIMESTAMP, FALSE, 58, 28);
INSERT INTO player_comment (player_comment_text_id, text, updated_at, is_deleted, player_id, user_id) VALUES (43, '타격폼 개선됨', CURRENT_TIMESTAMP, FALSE, 12, 18);
INSERT INTO player_comment (player_comment_text_id, text, updated_at, is_deleted, player_id, user_id) VALUES (44, '구속 상승', CURRENT_TIMESTAMP, FALSE, 7, 9);
INSERT INTO player_comment (player_comment_text_id, text, updated_at, is_deleted, player_id, user_id) VALUES (45, '수비 좋음', CURRENT_TIMESTAMP, FALSE, 87, 20);
INSERT INTO player_comment (player_comment_text_id, text, updated_at, is_deleted, player_id, user_id) VALUES (46, '타격폼 개선됨', CURRENT_TIMESTAMP, FALSE, 10, 7);
INSERT INTO player_comment (player_comment_text_id, text, updated_at, is_deleted, player_id, user_id) VALUES (47, '페이스 좋다', CURRENT_TIMESTAMP, FALSE, 62, 7);
INSERT INTO player_comment (player_comment_text_id, text, updated_at, is_deleted, player_id, user_id) VALUES (48, '수비 좋음', CURRENT_TIMESTAMP, FALSE, 39, 30);
INSERT INTO player_comment (player_comment_text_id, text, updated_at, is_deleted, player_id, user_id) VALUES (49, '타격폼 개선됨', CURRENT_TIMESTAMP, FALSE, 28, 30);
INSERT INTO player_comment (player_comment_text_id, text, updated_at, is_deleted, player_id, user_id) VALUES (50, '구속 상승', CURRENT_TIMESTAMP, FALSE, 95, 4);
INSERT INTO player_comment (player_comment_text_id, text, updated_at, is_deleted, player_id, user_id) VALUES (51, '타격폼 개선됨', CURRENT_TIMESTAMP, FALSE, 32, 23);
INSERT INTO player_comment (player_comment_text_id, text, updated_at, is_deleted, player_id, user_id) VALUES (52, '타격폼 개선됨', CURRENT_TIMESTAMP, FALSE, 51, 30);
INSERT INTO player_comment (player_comment_text_id, text, updated_at, is_deleted, player_id, user_id) VALUES (53, '페이스 좋다', CURRENT_TIMESTAMP, FALSE, 71, 11);
INSERT INTO player_comment (player_comment_text_id, text, updated_at, is_deleted, player_id, user_id) VALUES (54, '페이스 좋다', CURRENT_TIMESTAMP, FALSE, 49, 15);
INSERT INTO player_comment (player_comment_text_id, text, updated_at, is_deleted, player_id, user_id) VALUES (55, '페이스 좋다', CURRENT_TIMESTAMP, FALSE, 40, 9);
INSERT INTO player_comment (player_comment_text_id, text, updated_at, is_deleted, player_id, user_id) VALUES (56, '구속 상승', CURRENT_TIMESTAMP, FALSE, 66, 29);
INSERT INTO player_comment (player_comment_text_id, text, updated_at, is_deleted, player_id, user_id) VALUES (57, '구속 상승', CURRENT_TIMESTAMP, FALSE, 60, 4);
INSERT INTO player_comment (player_comment_text_id, text, updated_at, is_deleted, player_id, user_id) VALUES (58, '페이스 좋다', CURRENT_TIMESTAMP, FALSE, 98, 27);
INSERT INTO player_comment (player_comment_text_id, text, updated_at, is_deleted, player_id, user_id) VALUES (59, '페이스 좋다', CURRENT_TIMESTAMP, FALSE, 27, 12);
INSERT INTO player_comment (player_comment_text_id, text, updated_at, is_deleted, player_id, user_id) VALUES (60, '타격폼 개선됨', CURRENT_TIMESTAMP, FALSE, 53, 2);
INSERT INTO player_grade (player_rate_id, score, updated_at, is_deleted, player_id, user_id) VALUES (1, 1, CURRENT_TIMESTAMP, FALSE, 95, 5);
INSERT INTO player_grade (player_rate_id, score, updated_at, is_deleted, player_id, user_id) VALUES (2, 5, CURRENT_TIMESTAMP, FALSE, 34, 18);
INSERT INTO player_grade (player_rate_id, score, updated_at, is_deleted, player_id, user_id) VALUES (3, 4, CURRENT_TIMESTAMP, FALSE, 75, 24);
INSERT INTO player_grade (player_rate_id, score, updated_at, is_deleted, player_id, user_id) VALUES (4, 2, CURRENT_TIMESTAMP, FALSE, 38, 5);
INSERT INTO player_grade (player_rate_id, score, updated_at, is_deleted, player_id, user_id) VALUES (5, 4, CURRENT_TIMESTAMP, FALSE, 43, 8);
INSERT INTO player_grade (player_rate_id, score, updated_at, is_deleted, player_id, user_id) VALUES (6, 2, CURRENT_TIMESTAMP, FALSE, 73, 27);
INSERT INTO player_grade (player_rate_id, score, updated_at, is_deleted, player_id, user_id) VALUES (7, 3, CURRENT_TIMESTAMP, FALSE, 64, 18);
INSERT INTO player_grade (player_rate_id, score, updated_at, is_deleted, player_id, user_id) VALUES (8, 4, CURRENT_TIMESTAMP, FALSE, 33, 25);
INSERT INTO player_grade (player_rate_id, score, updated_at, is_deleted, player_id, user_id) VALUES (9, 4, CURRENT_TIMESTAMP, FALSE, 93, 21);
INSERT INTO player_grade (player_rate_id, score, updated_at, is_deleted, player_id, user_id) VALUES (10, 3, CURRENT_TIMESTAMP, FALSE, 59, 6);
INSERT INTO player_grade (player_rate_id, score, updated_at, is_deleted, player_id, user_id) VALUES (11, 5, CURRENT_TIMESTAMP, FALSE, 22, 5);
INSERT INTO player_grade (player_rate_id, score, updated_at, is_deleted, player_id, user_id) VALUES (12, 5, CURRENT_TIMESTAMP, FALSE, 63, 6);
INSERT INTO player_grade (player_rate_id, score, updated_at, is_deleted, player_id, user_id) VALUES (13, 5, CURRENT_TIMESTAMP, FALSE, 83, 2);
INSERT INTO player_grade (player_rate_id, score, updated_at, is_deleted, player_id, user_id) VALUES (14, 1, CURRENT_TIMESTAMP, FALSE, 5, 27);
INSERT INTO player_grade (player_rate_id, score, updated_at, is_deleted, player_id, user_id) VALUES (15, 1, CURRENT_TIMESTAMP, FALSE, 86, 2);
INSERT INTO player_grade (player_rate_id, score, updated_at, is_deleted, player_id, user_id) VALUES (16, 2, CURRENT_TIMESTAMP, FALSE, 53, 5);
INSERT INTO player_grade (player_rate_id, score, updated_at, is_deleted, player_id, user_id) VALUES (17, 2, CURRENT_TIMESTAMP, FALSE, 9, 23);
INSERT INTO player_grade (player_rate_id, score, updated_at, is_deleted, player_id, user_id) VALUES (18, 5, CURRENT_TIMESTAMP, FALSE, 2, 7);
INSERT INTO player_grade (player_rate_id, score, updated_at, is_deleted, player_id, user_id) VALUES (19, 1, CURRENT_TIMESTAMP, FALSE, 59, 12);
INSERT INTO player_grade (player_rate_id, score, updated_at, is_deleted, player_id, user_id) VALUES (20, 5, CURRENT_TIMESTAMP, FALSE, 80, 21);
INSERT INTO player_grade (player_rate_id, score, updated_at, is_deleted, player_id, user_id) VALUES (21, 4, CURRENT_TIMESTAMP, FALSE, 62, 22);
INSERT INTO player_grade (player_rate_id, score, updated_at, is_deleted, player_id, user_id) VALUES (22, 5, CURRENT_TIMESTAMP, FALSE, 3, 1);
INSERT INTO player_grade (player_rate_id, score, updated_at, is_deleted, player_id, user_id) VALUES (23, 1, CURRENT_TIMESTAMP, FALSE, 71, 14);
INSERT INTO player_grade (player_rate_id, score, updated_at, is_deleted, player_id, user_id) VALUES (24, 3, CURRENT_TIMESTAMP, FALSE, 3, 17);
INSERT INTO player_grade (player_rate_id, score, updated_at, is_deleted, player_id, user_id) VALUES (25, 1, CURRENT_TIMESTAMP, FALSE, 69, 10);
INSERT INTO player_grade (player_rate_id, score, updated_at, is_deleted, player_id, user_id) VALUES (26, 4, CURRENT_TIMESTAMP, FALSE, 65, 27);
INSERT INTO player_grade (player_rate_id, score, updated_at, is_deleted, player_id, user_id) VALUES (27, 1, CURRENT_TIMESTAMP, FALSE, 23, 4);
INSERT INTO player_grade (player_rate_id, score, updated_at, is_deleted, player_id, user_id) VALUES (28, 2, CURRENT_TIMESTAMP, FALSE, 68, 5);
INSERT INTO player_grade (player_rate_id, score, updated_at, is_deleted, player_id, user_id) VALUES (29, 5, CURRENT_TIMESTAMP, FALSE, 25, 20);
INSERT INTO player_grade (player_rate_id, score, updated_at, is_deleted, player_id, user_id) VALUES (30, 3, CURRENT_TIMESTAMP, FALSE, 33, 27);
INSERT INTO player_grade (player_rate_id, score, updated_at, is_deleted, player_id, user_id) VALUES (31, 4, CURRENT_TIMESTAMP, FALSE, 35, 26);
INSERT INTO player_grade (player_rate_id, score, updated_at, is_deleted, player_id, user_id) VALUES (32, 4, CURRENT_TIMESTAMP, FALSE, 11, 12);
INSERT INTO player_grade (player_rate_id, score, updated_at, is_deleted, player_id, user_id) VALUES (33, 2, CURRENT_TIMESTAMP, FALSE, 59, 19);
INSERT INTO player_grade (player_rate_id, score, updated_at, is_deleted, player_id, user_id) VALUES (34, 3, CURRENT_TIMESTAMP, FALSE, 90, 8);
INSERT INTO player_grade (player_rate_id, score, updated_at, is_deleted, player_id, user_id) VALUES (35, 1, CURRENT_TIMESTAMP, FALSE, 88, 27);
INSERT INTO player_grade (player_rate_id, score, updated_at, is_deleted, player_id, user_id) VALUES (36, 1, CURRENT_TIMESTAMP, FALSE, 84, 28);
INSERT INTO player_grade (player_rate_id, score, updated_at, is_deleted, player_id, user_id) VALUES (37, 4, CURRENT_TIMESTAMP, FALSE, 12, 13);
INSERT INTO player_grade (player_rate_id, score, updated_at, is_deleted, player_id, user_id) VALUES (38, 4, CURRENT_TIMESTAMP, FALSE, 49, 18);
INSERT INTO player_grade (player_rate_id, score, updated_at, is_deleted, player_id, user_id) VALUES (39, 1, CURRENT_TIMESTAMP, FALSE, 8, 21);
INSERT INTO player_grade (player_rate_id, score, updated_at, is_deleted, player_id, user_id) VALUES (40, 1, CURRENT_TIMESTAMP, FALSE, 90, 6);
INSERT INTO player_grade (player_rate_id, score, updated_at, is_deleted, player_id, user_id) VALUES (41, 4, CURRENT_TIMESTAMP, FALSE, 64, 28);
INSERT INTO player_grade (player_rate_id, score, updated_at, is_deleted, player_id, user_id) VALUES (42, 3, CURRENT_TIMESTAMP, FALSE, 83, 26);
INSERT INTO player_grade (player_rate_id, score, updated_at, is_deleted, player_id, user_id) VALUES (43, 1, CURRENT_TIMESTAMP, FALSE, 73, 28);
INSERT INTO player_grade (player_rate_id, score, updated_at, is_deleted, player_id, user_id) VALUES (44, 1, CURRENT_TIMESTAMP, FALSE, 68, 30);
INSERT INTO player_grade (player_rate_id, score, updated_at, is_deleted, player_id, user_id) VALUES (45, 5, CURRENT_TIMESTAMP, FALSE, 30, 7);
INSERT INTO player_grade (player_rate_id, score, updated_at, is_deleted, player_id, user_id) VALUES (46, 1, CURRENT_TIMESTAMP, FALSE, 61, 9);
INSERT INTO player_grade (player_rate_id, score, updated_at, is_deleted, player_id, user_id) VALUES (47, 3, CURRENT_TIMESTAMP, FALSE, 10, 22);
INSERT INTO player_grade (player_rate_id, score, updated_at, is_deleted, player_id, user_id) VALUES (48, 1, CURRENT_TIMESTAMP, FALSE, 70, 19);
INSERT INTO player_grade (player_rate_id, score, updated_at, is_deleted, player_id, user_id) VALUES (49, 3, CURRENT_TIMESTAMP, FALSE, 23, 30);
INSERT INTO player_grade (player_rate_id, score, updated_at, is_deleted, player_id, user_id) VALUES (50, 5, CURRENT_TIMESTAMP, FALSE, 3, 7);
INSERT INTO player_grade (player_rate_id, score, updated_at, is_deleted, player_id, user_id) VALUES (51, 4, CURRENT_TIMESTAMP, FALSE, 19, 25);
INSERT INTO player_grade (player_rate_id, score, updated_at, is_deleted, player_id, user_id) VALUES (52, 2, CURRENT_TIMESTAMP, FALSE, 10, 10);
INSERT INTO player_grade (player_rate_id, score, updated_at, is_deleted, player_id, user_id) VALUES (53, 5, CURRENT_TIMESTAMP, FALSE, 73, 8);
INSERT INTO player_grade (player_rate_id, score, updated_at, is_deleted, player_id, user_id) VALUES (54, 5, CURRENT_TIMESTAMP, FALSE, 50, 22);
INSERT INTO player_grade (player_rate_id, score, updated_at, is_deleted, player_id, user_id) VALUES (55, 2, CURRENT_TIMESTAMP, FALSE, 43, 13);
INSERT INTO player_grade (player_rate_id, score, updated_at, is_deleted, player_id, user_id) VALUES (56, 1, CURRENT_TIMESTAMP, FALSE, 89, 24);
INSERT INTO player_grade (player_rate_id, score, updated_at, is_deleted, player_id, user_id) VALUES (57, 3, CURRENT_TIMESTAMP, FALSE, 65, 24);
INSERT INTO player_grade (player_rate_id, score, updated_at, is_deleted, player_id, user_id) VALUES (58, 4, CURRENT_TIMESTAMP, FALSE, 7, 4);
INSERT INTO player_grade (player_rate_id, score, updated_at, is_deleted, player_id, user_id) VALUES (59, 1, CURRENT_TIMESTAMP, FALSE, 30, 27);
INSERT INTO player_grade (player_rate_id, score, updated_at, is_deleted, player_id, user_id) VALUES (60, 5, CURRENT_TIMESTAMP, FALSE, 44, 20);
INSERT INTO player_grade (player_rate_id, score, updated_at, is_deleted, player_id, user_id) VALUES (61, 3, CURRENT_TIMESTAMP, FALSE, 77, 13);
INSERT INTO player_grade (player_rate_id, score, updated_at, is_deleted, player_id, user_id) VALUES (62, 3, CURRENT_TIMESTAMP, FALSE, 4, 21);
INSERT INTO player_grade (player_rate_id, score, updated_at, is_deleted, player_id, user_id) VALUES (63, 2, CURRENT_TIMESTAMP, FALSE, 58, 16);
INSERT INTO player_grade (player_rate_id, score, updated_at, is_deleted, player_id, user_id) VALUES (64, 4, CURRENT_TIMESTAMP, FALSE, 46, 18);
INSERT INTO player_grade (player_rate_id, score, updated_at, is_deleted, player_id, user_id) VALUES (65, 5, CURRENT_TIMESTAMP, FALSE, 56, 6);
INSERT INTO player_grade (player_rate_id, score, updated_at, is_deleted, player_id, user_id) VALUES (66, 1, CURRENT_TIMESTAMP, FALSE, 85, 13);
INSERT INTO player_grade (player_rate_id, score, updated_at, is_deleted, player_id, user_id) VALUES (67, 3, CURRENT_TIMESTAMP, FALSE, 99, 20);
INSERT INTO player_grade (player_rate_id, score, updated_at, is_deleted, player_id, user_id) VALUES (68, 1, CURRENT_TIMESTAMP, FALSE, 32, 23);
INSERT INTO player_grade (player_rate_id, score, updated_at, is_deleted, player_id, user_id) VALUES (69, 2, CURRENT_TIMESTAMP, FALSE, 11, 9);
INSERT INTO player_grade (player_rate_id, score, updated_at, is_deleted, player_id, user_id) VALUES (70, 2, CURRENT_TIMESTAMP, FALSE, 49, 23);
INSERT INTO player_grade (player_rate_id, score, updated_at, is_deleted, player_id, user_id) VALUES (71, 3, CURRENT_TIMESTAMP, FALSE, 95, 13);
INSERT INTO player_grade (player_rate_id, score, updated_at, is_deleted, player_id, user_id) VALUES (72, 1, CURRENT_TIMESTAMP, FALSE, 47, 4);
INSERT INTO player_grade (player_rate_id, score, updated_at, is_deleted, player_id, user_id) VALUES (73, 4, CURRENT_TIMESTAMP, FALSE, 1, 10);
INSERT INTO player_grade (player_rate_id, score, updated_at, is_deleted, player_id, user_id) VALUES (74, 3, CURRENT_TIMESTAMP, FALSE, 47, 25);
INSERT INTO player_grade (player_rate_id, score, updated_at, is_deleted, player_id, user_id) VALUES (75, 1, CURRENT_TIMESTAMP, FALSE, 14, 5);
INSERT INTO player_grade (player_rate_id, score, updated_at, is_deleted, player_id, user_id) VALUES (76, 4, CURRENT_TIMESTAMP, FALSE, 24, 14);
INSERT INTO player_grade (player_rate_id, score, updated_at, is_deleted, player_id, user_id) VALUES (77, 5, CURRENT_TIMESTAMP, FALSE, 72, 18);
INSERT INTO player_grade (player_rate_id, score, updated_at, is_deleted, player_id, user_id) VALUES (78, 1, CURRENT_TIMESTAMP, FALSE, 53, 4);
INSERT INTO player_grade (player_rate_id, score, updated_at, is_deleted, player_id, user_id) VALUES (79, 5, CURRENT_TIMESTAMP, FALSE, 12, 12);
INSERT INTO player_grade (player_rate_id, score, updated_at, is_deleted, player_id, user_id) VALUES (80, 5, CURRENT_TIMESTAMP, FALSE, 12, 20);
INSERT INTO player_grade (player_rate_id, score, updated_at, is_deleted, player_id, user_id) VALUES (81, 4, CURRENT_TIMESTAMP, FALSE, 42, 28);
INSERT INTO player_grade (player_rate_id, score, updated_at, is_deleted, player_id, user_id) VALUES (82, 4, CURRENT_TIMESTAMP, FALSE, 2, 10);
INSERT INTO player_grade (player_rate_id, score, updated_at, is_deleted, player_id, user_id) VALUES (83, 1, CURRENT_TIMESTAMP, FALSE, 50, 25);
INSERT INTO player_grade (player_rate_id, score, updated_at, is_deleted, player_id, user_id) VALUES (84, 5, CURRENT_TIMESTAMP, FALSE, 93, 29);
INSERT INTO player_grade (player_rate_id, score, updated_at, is_deleted, player_id, user_id) VALUES (85, 5, CURRENT_TIMESTAMP, FALSE, 32, 19);
INSERT INTO player_grade (player_rate_id, score, updated_at, is_deleted, player_id, user_id) VALUES (86, 4, CURRENT_TIMESTAMP, FALSE, 22, 22);
INSERT INTO player_grade (player_rate_id, score, updated_at, is_deleted, player_id, user_id) VALUES (87, 3, CURRENT_TIMESTAMP, FALSE, 22, 5);
INSERT INTO player_grade (player_rate_id, score, updated_at, is_deleted, player_id, user_id) VALUES (88, 4, CURRENT_TIMESTAMP, FALSE, 39, 9);
INSERT INTO player_grade (player_rate_id, score, updated_at, is_deleted, player_id, user_id) VALUES (89, 2, CURRENT_TIMESTAMP, FALSE, 19, 3);
INSERT INTO player_grade (player_rate_id, score, updated_at, is_deleted, player_id, user_id) VALUES (90, 4, CURRENT_TIMESTAMP, FALSE, 56, 9);
INSERT INTO player_grade (player_rate_id, score, updated_at, is_deleted, player_id, user_id) VALUES (91, 1, CURRENT_TIMESTAMP, FALSE, 39, 16);
INSERT INTO player_grade (player_rate_id, score, updated_at, is_deleted, player_id, user_id) VALUES (92, 2, CURRENT_TIMESTAMP, FALSE, 47, 9);
INSERT INTO player_grade (player_rate_id, score, updated_at, is_deleted, player_id, user_id) VALUES (93, 4, CURRENT_TIMESTAMP, FALSE, 93, 21);
INSERT INTO player_grade (player_rate_id, score, updated_at, is_deleted, player_id, user_id) VALUES (94, 2, CURRENT_TIMESTAMP, FALSE, 77, 20);
INSERT INTO player_grade (player_rate_id, score, updated_at, is_deleted, player_id, user_id) VALUES (95, 2, CURRENT_TIMESTAMP, FALSE, 59, 4);
INSERT INTO player_grade (player_rate_id, score, updated_at, is_deleted, player_id, user_id) VALUES (96, 4, CURRENT_TIMESTAMP, FALSE, 39, 1);
INSERT INTO player_grade (player_rate_id, score, updated_at, is_deleted, player_id, user_id) VALUES (97, 5, CURRENT_TIMESTAMP, FALSE, 43, 27);
INSERT INTO player_grade (player_rate_id, score, updated_at, is_deleted, player_id, user_id) VALUES (98, 3, CURRENT_TIMESTAMP, FALSE, 49, 26);
INSERT INTO player_grade (player_rate_id, score, updated_at, is_deleted, player_id, user_id) VALUES (99, 4, CURRENT_TIMESTAMP, FALSE, 57, 11);
INSERT INTO player_grade (player_rate_id, score, updated_at, is_deleted, player_id, user_id) VALUES (100, 2, CURRENT_TIMESTAMP, FALSE, 84, 20);
INSERT INTO player_grade (player_rate_id, score, updated_at, is_deleted, player_id, user_id) VALUES (101, 5, CURRENT_TIMESTAMP, FALSE, 39, 11);
INSERT INTO player_grade (player_rate_id, score, updated_at, is_deleted, player_id, user_id) VALUES (102, 4, CURRENT_TIMESTAMP, FALSE, 89, 7);
INSERT INTO player_grade (player_rate_id, score, updated_at, is_deleted, player_id, user_id) VALUES (103, 4, CURRENT_TIMESTAMP, FALSE, 41, 6);
INSERT INTO player_grade (player_rate_id, score, updated_at, is_deleted, player_id, user_id) VALUES (104, 4, CURRENT_TIMESTAMP, FALSE, 41, 10);
INSERT INTO player_grade (player_rate_id, score, updated_at, is_deleted, player_id, user_id) VALUES (105, 2, CURRENT_TIMESTAMP, FALSE, 74, 26);
INSERT INTO player_grade (player_rate_id, score, updated_at, is_deleted, player_id, user_id) VALUES (106, 3, CURRENT_TIMESTAMP, FALSE, 42, 13);
INSERT INTO player_grade (player_rate_id, score, updated_at, is_deleted, player_id, user_id) VALUES (107, 1, CURRENT_TIMESTAMP, FALSE, 51, 12);
INSERT INTO player_grade (player_rate_id, score, updated_at, is_deleted, player_id, user_id) VALUES (108, 5, CURRENT_TIMESTAMP, FALSE, 73, 7);
INSERT INTO player_grade (player_rate_id, score, updated_at, is_deleted, player_id, user_id) VALUES (109, 5, CURRENT_TIMESTAMP, FALSE, 70, 6);
INSERT INTO player_grade (player_rate_id, score, updated_at, is_deleted, player_id, user_id) VALUES (110, 4, CURRENT_TIMESTAMP, FALSE, 4, 24);
INSERT INTO player_grade (player_rate_id, score, updated_at, is_deleted, player_id, user_id) VALUES (111, 4, CURRENT_TIMESTAMP, FALSE, 91, 7);
INSERT INTO player_grade (player_rate_id, score, updated_at, is_deleted, player_id, user_id) VALUES (112, 1, CURRENT_TIMESTAMP, FALSE, 38, 27);
INSERT INTO player_grade (player_rate_id, score, updated_at, is_deleted, player_id, user_id) VALUES (113, 4, CURRENT_TIMESTAMP, FALSE, 53, 22);
INSERT INTO player_grade (player_rate_id, score, updated_at, is_deleted, player_id, user_id) VALUES (114, 3, CURRENT_TIMESTAMP, FALSE, 18, 21);
INSERT INTO player_grade (player_rate_id, score, updated_at, is_deleted, player_id, user_id) VALUES (115, 2, CURRENT_TIMESTAMP, FALSE, 31, 9);
INSERT INTO player_grade (player_rate_id, score, updated_at, is_deleted, player_id, user_id) VALUES (116, 4, CURRENT_TIMESTAMP, FALSE, 92, 14);
INSERT INTO player_grade (player_rate_id, score, updated_at, is_deleted, player_id, user_id) VALUES (117, 5, CURRENT_TIMESTAMP, FALSE, 10, 15);
INSERT INTO player_grade (player_rate_id, score, updated_at, is_deleted, player_id, user_id) VALUES (118, 4, CURRENT_TIMESTAMP, FALSE, 62, 19);
INSERT INTO player_grade (player_rate_id, score, updated_at, is_deleted, player_id, user_id) VALUES (119, 4, CURRENT_TIMESTAMP, FALSE, 69, 17);
INSERT INTO player_grade (player_rate_id, score, updated_at, is_deleted, player_id, user_id) VALUES (120, 3, CURRENT_TIMESTAMP, FALSE, 70, 2);
INSERT INTO diary (diary_id, text, created_at, is_deleted, is_public, user_id, game_id) VALUES (1, '응원 갔다 옴!', CURRENT_TIMESTAMP, FALSE, TRUE, 23, 18);
INSERT INTO diary (diary_id, text, created_at, is_deleted, is_public, user_id, game_id) VALUES (2, '연장전까지 꿀잼', CURRENT_TIMESTAMP, FALSE, TRUE, 4, 8);
INSERT INTO diary (diary_id, text, created_at, is_deleted, is_public, user_id, game_id) VALUES (3, '응원 갔다 옴!', CURRENT_TIMESTAMP, FALSE, TRUE, 6, 20);
INSERT INTO diary (diary_id, text, created_at, is_deleted, is_public, user_id, game_id) VALUES (4, '연장전까지 꿀잼', CURRENT_TIMESTAMP, FALSE, TRUE, 19, 13);
INSERT INTO diary (diary_id, text, created_at, is_deleted, is_public, user_id, game_id) VALUES (5, '응원 갔다 옴!', CURRENT_TIMESTAMP, FALSE, TRUE, 26, 14);
INSERT INTO diary (diary_id, text, created_at, is_deleted, is_public, user_id, game_id) VALUES (6, '연장전까지 꿀잼', CURRENT_TIMESTAMP, FALSE, TRUE, 1, 4);
INSERT INTO diary (diary_id, text, created_at, is_deleted, is_public, user_id, game_id) VALUES (7, '먹거리 최고', CURRENT_TIMESTAMP, FALSE, TRUE, 8, 17);
INSERT INTO diary (diary_id, text, created_at, is_deleted, is_public, user_id, game_id) VALUES (8, '선수 인터뷰 봄', CURRENT_TIMESTAMP, FALSE, TRUE, 15, 12);
INSERT INTO diary (diary_id, text, created_at, is_deleted, is_public, user_id, game_id) VALUES (9, '먹거리 최고', CURRENT_TIMESTAMP, FALSE, TRUE, 15, 19);
INSERT INTO diary (diary_id, text, created_at, is_deleted, is_public, user_id, game_id) VALUES (10, '선수 인터뷰 봄', CURRENT_TIMESTAMP, FALSE, TRUE, 12, 1);
INSERT INTO diary (diary_id, text, created_at, is_deleted, is_public, user_id, game_id) VALUES (11, '선수 인터뷰 봄', CURRENT_TIMESTAMP, FALSE, TRUE, 4, 10);
INSERT INTO diary (diary_id, text, created_at, is_deleted, is_public, user_id, game_id) VALUES (12, '응원 갔다 옴!', CURRENT_TIMESTAMP, FALSE, TRUE, 30, 3);
INSERT INTO diary (diary_id, text, created_at, is_deleted, is_public, user_id, game_id) VALUES (13, '연장전까지 꿀잼', CURRENT_TIMESTAMP, FALSE, TRUE, 27, 5);
INSERT INTO diary (diary_id, text, created_at, is_deleted, is_public, user_id, game_id) VALUES (14, '선수 인터뷰 봄', CURRENT_TIMESTAMP, FALSE, TRUE, 10, 11);
INSERT INTO diary (diary_id, text, created_at, is_deleted, is_public, user_id, game_id) VALUES (15, '선수 인터뷰 봄', CURRENT_TIMESTAMP, FALSE, TRUE, 26, 7);
INSERT INTO diary (diary_id, text, created_at, is_deleted, is_public, user_id, game_id) VALUES (16, '응원 갔다 옴!', CURRENT_TIMESTAMP, FALSE, TRUE, 12, 16);
INSERT INTO diary (diary_id, text, created_at, is_deleted, is_public, user_id, game_id) VALUES (17, '연장전까지 꿀잼', CURRENT_TIMESTAMP, FALSE, TRUE, 15, 15);
INSERT INTO diary (diary_id, text, created_at, is_deleted, is_public, user_id, game_id) VALUES (18, '응원 갔다 옴!', CURRENT_TIMESTAMP, FALSE, TRUE, 3, 10);
INSERT INTO diary (diary_id, text, created_at, is_deleted, is_public, user_id, game_id) VALUES (19, '응원 갔다 옴!', CURRENT_TIMESTAMP, FALSE, TRUE, 26, 4);
INSERT INTO diary (diary_id, text, created_at, is_deleted, is_public, user_id, game_id) VALUES (20, '응원 갔다 옴!', CURRENT_TIMESTAMP, FALSE, TRUE, 28, 11);
INSERT INTO vote (vote_id, date, user_id, game_id, team_id) VALUES (1, CURRENT_TIMESTAMP, 22, 6, 10);
INSERT INTO vote (vote_id, date, user_id, game_id, team_id) VALUES (2, CURRENT_TIMESTAMP, 17, 6, 10);
INSERT INTO vote (vote_id, date, user_id, game_id, team_id) VALUES (3, CURRENT_TIMESTAMP, 11, 18, 5);
INSERT INTO vote (vote_id, date, user_id, game_id, team_id) VALUES (4, CURRENT_TIMESTAMP, 15, 8, 10);
INSERT INTO vote (vote_id, date, user_id, game_id, team_id) VALUES (5, CURRENT_TIMESTAMP, 21, 6, 10);
INSERT INTO vote (vote_id, date, user_id, game_id, team_id) VALUES (6, CURRENT_TIMESTAMP, 21, 14, 6);
INSERT INTO vote (vote_id, date, user_id, game_id, team_id) VALUES (7, CURRENT_TIMESTAMP, 1, 20, 1);
INSERT INTO vote (vote_id, date, user_id, game_id, team_id) VALUES (8, CURRENT_TIMESTAMP, 15, 19, 7);
INSERT INTO vote (vote_id, date, user_id, game_id, team_id) VALUES (9, CURRENT_TIMESTAMP, 13, 1, 10);
INSERT INTO vote (vote_id, date, user_id, game_id, team_id) VALUES (10, CURRENT_TIMESTAMP, 7, 9, 3);
INSERT INTO vote (vote_id, date, user_id, game_id, team_id) VALUES (11, CURRENT_TIMESTAMP, 19, 4, 5);
INSERT INTO vote (vote_id, date, user_id, game_id, team_id) VALUES (12, CURRENT_TIMESTAMP, 12, 11, 3);
INSERT INTO vote (vote_id, date, user_id, game_id, team_id) VALUES (13, CURRENT_TIMESTAMP, 15, 4, 4);
INSERT INTO vote (vote_id, date, user_id, game_id, team_id) VALUES (14, CURRENT_TIMESTAMP, 22, 16, 10);
INSERT INTO vote (vote_id, date, user_id, game_id, team_id) VALUES (15, CURRENT_TIMESTAMP, 20, 13, 10);
INSERT INTO vote (vote_id, date, user_id, game_id, team_id) VALUES (16, CURRENT_TIMESTAMP, 19, 4, 4);
INSERT INTO vote (vote_id, date, user_id, game_id, team_id) VALUES (17, CURRENT_TIMESTAMP, 12, 15, 7);
INSERT INTO vote (vote_id, date, user_id, game_id, team_id) VALUES (18, CURRENT_TIMESTAMP, 27, 10, 8);
INSERT INTO vote (vote_id, date, user_id, game_id, team_id) VALUES (19, CURRENT_TIMESTAMP, 22, 5, 5);
INSERT INTO vote (vote_id, date, user_id, game_id, team_id) VALUES (20, CURRENT_TIMESTAMP, 4, 8, 10);
INSERT INTO vote (vote_id, date, user_id, game_id, team_id) VALUES (21, CURRENT_TIMESTAMP, 4, 6, 2);
INSERT INTO vote (vote_id, date, user_id, game_id, team_id) VALUES (22, CURRENT_TIMESTAMP, 23, 5, 5);
INSERT INTO vote (vote_id, date, user_id, game_id, team_id) VALUES (23, CURRENT_TIMESTAMP, 14, 20, 1);
INSERT INTO vote (vote_id, date, user_id, game_id, team_id) VALUES (24, CURRENT_TIMESTAMP, 19, 13, 10);
INSERT INTO vote (vote_id, date, user_id, game_id, team_id) VALUES (25, CURRENT_TIMESTAMP, 6, 16, 8);
INSERT INTO vote (vote_id, date, user_id, game_id, team_id) VALUES (26, CURRENT_TIMESTAMP, 18, 6, 2);
INSERT INTO vote (vote_id, date, user_id, game_id, team_id) VALUES (27, CURRENT_TIMESTAMP, 10, 5, 1);
INSERT INTO vote (vote_id, date, user_id, game_id, team_id) VALUES (28, CURRENT_TIMESTAMP, 11, 15, 7);
INSERT INTO vote (vote_id, date, user_id, game_id, team_id) VALUES (29, CURRENT_TIMESTAMP, 28, 12, 9);
INSERT INTO vote (vote_id, date, user_id, game_id, team_id) VALUES (30, CURRENT_TIMESTAMP, 16, 5, 1);
INSERT INTO vote (vote_id, date, user_id, game_id, team_id) VALUES (31, CURRENT_TIMESTAMP, 27, 13, 10);
INSERT INTO vote (vote_id, date, user_id, game_id, team_id) VALUES (32, CURRENT_TIMESTAMP, 14, 16, 10);
INSERT INTO vote (vote_id, date, user_id, game_id, team_id) VALUES (33, CURRENT_TIMESTAMP, 23, 15, 6);
INSERT INTO vote (vote_id, date, user_id, game_id, team_id) VALUES (34, CURRENT_TIMESTAMP, 6, 3, 2);
INSERT INTO vote (vote_id, date, user_id, game_id, team_id) VALUES (35, CURRENT_TIMESTAMP, 26, 8, 10);
INSERT INTO vote (vote_id, date, user_id, game_id, team_id) VALUES (36, CURRENT_TIMESTAMP, 2, 9, 3);
INSERT INTO vote (vote_id, date, user_id, game_id, team_id) VALUES (37, CURRENT_TIMESTAMP, 18, 10, 8);
INSERT INTO vote (vote_id, date, user_id, game_id, team_id) VALUES (38, CURRENT_TIMESTAMP, 25, 15, 6);
INSERT INTO vote (vote_id, date, user_id, game_id, team_id) VALUES (39, CURRENT_TIMESTAMP, 18, 17, 8);
INSERT INTO vote (vote_id, date, user_id, game_id, team_id) VALUES (40, CURRENT_TIMESTAMP, 19, 4, 4);
INSERT INTO vote (vote_id, date, user_id, game_id, team_id) VALUES (41, CURRENT_TIMESTAMP, 25, 18, 5);
INSERT INTO vote (vote_id, date, user_id, game_id, team_id) VALUES (42, CURRENT_TIMESTAMP, 18, 2, 1);
INSERT INTO vote (vote_id, date, user_id, game_id, team_id) VALUES (43, CURRENT_TIMESTAMP, 18, 7, 9);
INSERT INTO vote (vote_id, date, user_id, game_id, team_id) VALUES (44, CURRENT_TIMESTAMP, 4, 8, 10);
INSERT INTO vote (vote_id, date, user_id, game_id, team_id) VALUES (45, CURRENT_TIMESTAMP, 28, 2, 1);
INSERT INTO vote (vote_id, date, user_id, game_id, team_id) VALUES (46, CURRENT_TIMESTAMP, 9, 12, 9);
INSERT INTO vote (vote_id, date, user_id, game_id, team_id) VALUES (47, CURRENT_TIMESTAMP, 15, 4, 5);
INSERT INTO vote (vote_id, date, user_id, game_id, team_id) VALUES (48, CURRENT_TIMESTAMP, 7, 19, 7);
INSERT INTO vote (vote_id, date, user_id, game_id, team_id) VALUES (49, CURRENT_TIMESTAMP, 28, 20, 10);
INSERT INTO vote (vote_id, date, user_id, game_id, team_id) VALUES (50, CURRENT_TIMESTAMP, 6, 20, 1);
INSERT INTO vote (vote_id, date, user_id, game_id, team_id) VALUES (51, CURRENT_TIMESTAMP, 26, 7, 2);
INSERT INTO vote (vote_id, date, user_id, game_id, team_id) VALUES (52, CURRENT_TIMESTAMP, 26, 2, 1);
INSERT INTO vote (vote_id, date, user_id, game_id, team_id) VALUES (53, CURRENT_TIMESTAMP, 18, 9, 3);
INSERT INTO vote (vote_id, date, user_id, game_id, team_id) VALUES (54, CURRENT_TIMESTAMP, 11, 10, 10);
INSERT INTO vote (vote_id, date, user_id, game_id, team_id) VALUES (55, CURRENT_TIMESTAMP, 19, 9, 3);
INSERT INTO vote (vote_id, date, user_id, game_id, team_id) VALUES (56, CURRENT_TIMESTAMP, 5, 14, 4);
INSERT INTO vote (vote_id, date, user_id, game_id, team_id) VALUES (57, CURRENT_TIMESTAMP, 9, 5, 1);
INSERT INTO vote (vote_id, date, user_id, game_id, team_id) VALUES (58, CURRENT_TIMESTAMP, 8, 5, 5);
INSERT INTO vote (vote_id, date, user_id, game_id, team_id) VALUES (59, CURRENT_TIMESTAMP, 27, 8, 10);
INSERT INTO vote (vote_id, date, user_id, game_id, team_id) VALUES (60, CURRENT_TIMESTAMP, 16, 5, 5);
INSERT INTO point_log (point_id, user_id, type, action, fluctuation, created_at) VALUES (1, 21, 'comment', 'delete', -5, CURRENT_TIMESTAMP);
INSERT INTO point_log (point_id, user_id, type, action, fluctuation, created_at) VALUES (2, 3, 'follow', 'insert', 5, CURRENT_TIMESTAMP);
INSERT INTO point_log (point_id, user_id, type, action, fluctuation, created_at) VALUES (3, 17, 'follow', 'delete', -3, CURRENT_TIMESTAMP);
INSERT INTO point_log (point_id, user_id, type, action, fluctuation, created_at) VALUES (4, 15, 'comment', 'delete', -10, CURRENT_TIMESTAMP);
INSERT INTO point_log (point_id, user_id, type, action, fluctuation, created_at) VALUES (5, 1, 'follow', 'insert', 5, CURRENT_TIMESTAMP);
INSERT INTO point_log (point_id, user_id, type, action, fluctuation, created_at) VALUES (6, 21, 'follow', 'delete', -1, CURRENT_TIMESTAMP);
INSERT INTO point_log (point_id, user_id, type, action, fluctuation, created_at) VALUES (7, 26, 'follow', 'delete', -2, CURRENT_TIMESTAMP);
INSERT INTO point_log (point_id, user_id, type, action, fluctuation, created_at) VALUES (8, 14, 'post', 'delete', -3, CURRENT_TIMESTAMP);
INSERT INTO point_log (point_id, user_id, type, action, fluctuation, created_at) VALUES (9, 11, 'comment', 'delete', -10, CURRENT_TIMESTAMP);
INSERT INTO point_log (point_id, user_id, type, action, fluctuation, created_at) VALUES (10, 19, 'post', 'delete', -3, CURRENT_TIMESTAMP);
INSERT INTO point_log (point_id, user_id, type, action, fluctuation, created_at) VALUES (11, 29, 'follow', 'insert', 1, CURRENT_TIMESTAMP);
INSERT INTO point_log (point_id, user_id, type, action, fluctuation, created_at) VALUES (12, 4, 'follow', 'delete', -1, CURRENT_TIMESTAMP);
INSERT INTO point_log (point_id, user_id, type, action, fluctuation, created_at) VALUES (13, 4, 'post', 'delete', -5, CURRENT_TIMESTAMP);
INSERT INTO point_log (point_id, user_id, type, action, fluctuation, created_at) VALUES (14, 1, 'comment', 'insert', 2, CURRENT_TIMESTAMP);
INSERT INTO point_log (point_id, user_id, type, action, fluctuation, created_at) VALUES (15, 29, 'follow', 'delete', -2, CURRENT_TIMESTAMP);
INSERT INTO point_log (point_id, user_id, type, action, fluctuation, created_at) VALUES (16, 28, 'comment', 'insert', 3, CURRENT_TIMESTAMP);
INSERT INTO point_log (point_id, user_id, type, action, fluctuation, created_at) VALUES (17, 9, 'post', 'delete', -2, CURRENT_TIMESTAMP);
INSERT INTO point_log (point_id, user_id, type, action, fluctuation, created_at) VALUES (18, 2, 'comment', 'delete', -2, CURRENT_TIMESTAMP);
INSERT INTO point_log (point_id, user_id, type, action, fluctuation, created_at) VALUES (19, 14, 'follow', 'insert', 1, CURRENT_TIMESTAMP);
INSERT INTO point_log (point_id, user_id, type, action, fluctuation, created_at) VALUES (20, 1, 'post', 'delete', -1, CURRENT_TIMESTAMP);
INSERT INTO point_log (point_id, user_id, type, action, fluctuation, created_at) VALUES (21, 5, 'follow', 'insert', 10, CURRENT_TIMESTAMP);
INSERT INTO point_log (point_id, user_id, type, action, fluctuation, created_at) VALUES (22, 22, 'comment', 'insert', 1, CURRENT_TIMESTAMP);
INSERT INTO point_log (point_id, user_id, type, action, fluctuation, created_at) VALUES (23, 23, 'comment', 'insert', 5, CURRENT_TIMESTAMP);
INSERT INTO point_log (point_id, user_id, type, action, fluctuation, created_at) VALUES (24, 23, 'post', 'delete', -1, CURRENT_TIMESTAMP);
INSERT INTO point_log (point_id, user_id, type, action, fluctuation, created_at) VALUES (25, 8, 'comment', 'insert', 1, CURRENT_TIMESTAMP);
INSERT INTO point_log (point_id, user_id, type, action, fluctuation, created_at) VALUES (26, 4, 'comment', 'delete', -3, CURRENT_TIMESTAMP);
INSERT INTO point_log (point_id, user_id, type, action, fluctuation, created_at) VALUES (27, 5, 'comment', 'insert', 2, CURRENT_TIMESTAMP);
INSERT INTO point_log (point_id, user_id, type, action, fluctuation, created_at) VALUES (28, 3, 'follow', 'insert', 10, CURRENT_TIMESTAMP);
INSERT INTO point_log (point_id, user_id, type, action, fluctuation, created_at) VALUES (29, 21, 'post', 'delete', -3, CURRENT_TIMESTAMP);
INSERT INTO point_log (point_id, user_id, type, action, fluctuation, created_at) VALUES (30, 24, 'post', 'insert', 5, CURRENT_TIMESTAMP);
INSERT INTO point_log (point_id, user_id, type, action, fluctuation, created_at) VALUES (31, 20, 'follow', 'delete', -2, CURRENT_TIMESTAMP);
INSERT INTO point_log (point_id, user_id, type, action, fluctuation, created_at) VALUES (32, 3, 'post', 'insert', 1, CURRENT_TIMESTAMP);
INSERT INTO point_log (point_id, user_id, type, action, fluctuation, created_at) VALUES (33, 19, 'follow', 'delete', -3, CURRENT_TIMESTAMP);
INSERT INTO point_log (point_id, user_id, type, action, fluctuation, created_at) VALUES (34, 14, 'comment', 'insert', 2, CURRENT_TIMESTAMP);
INSERT INTO point_log (point_id, user_id, type, action, fluctuation, created_at) VALUES (35, 9, 'follow', 'insert', 2, CURRENT_TIMESTAMP);
INSERT INTO point_log (point_id, user_id, type, action, fluctuation, created_at) VALUES (36, 18, 'follow', 'delete', -1, CURRENT_TIMESTAMP);
INSERT INTO point_log (point_id, user_id, type, action, fluctuation, created_at) VALUES (37, 28, 'follow', 'delete', -2, CURRENT_TIMESTAMP);
INSERT INTO point_log (point_id, user_id, type, action, fluctuation, created_at) VALUES (38, 17, 'follow', 'insert', 5, CURRENT_TIMESTAMP);
INSERT INTO point_log (point_id, user_id, type, action, fluctuation, created_at) VALUES (39, 10, 'follow', 'insert', 2, CURRENT_TIMESTAMP);
INSERT INTO point_log (point_id, user_id, type, action, fluctuation, created_at) VALUES (40, 16, 'comment', 'insert', 2, CURRENT_TIMESTAMP);
INSERT INTO point_log (point_id, user_id, type, action, fluctuation, created_at) VALUES (41, 16, 'follow', 'insert', 10, CURRENT_TIMESTAMP);
INSERT INTO point_log (point_id, user_id, type, action, fluctuation, created_at) VALUES (42, 29, 'post', 'delete', -3, CURRENT_TIMESTAMP);
INSERT INTO point_log (point_id, user_id, type, action, fluctuation, created_at) VALUES (43, 5, 'comment', 'delete', -3, CURRENT_TIMESTAMP);
INSERT INTO point_log (point_id, user_id, type, action, fluctuation, created_at) VALUES (44, 18, 'follow', 'insert', 5, CURRENT_TIMESTAMP);
INSERT INTO point_log (point_id, user_id, type, action, fluctuation, created_at) VALUES (45, 25, 'post', 'insert', 10, CURRENT_TIMESTAMP);
INSERT INTO point_log (point_id, user_id, type, action, fluctuation, created_at) VALUES (46, 3, 'post', 'delete', -2, CURRENT_TIMESTAMP);
INSERT INTO point_log (point_id, user_id, type, action, fluctuation, created_at) VALUES (47, 2, 'post', 'delete', -10, CURRENT_TIMESTAMP);
INSERT INTO point_log (point_id, user_id, type, action, fluctuation, created_at) VALUES (48, 10, 'follow', 'delete', -5, CURRENT_TIMESTAMP);
INSERT INTO point_log (point_id, user_id, type, action, fluctuation, created_at) VALUES (49, 23, 'comment', 'insert', 10, CURRENT_TIMESTAMP);
INSERT INTO point_log (point_id, user_id, type, action, fluctuation, created_at) VALUES (50, 18, 'follow', 'insert', 3, CURRENT_TIMESTAMP);
INSERT INTO point_log (point_id, user_id, type, action, fluctuation, created_at) VALUES (51, 3, 'comment', 'insert', 10, CURRENT_TIMESTAMP);
INSERT INTO point_log (point_id, user_id, type, action, fluctuation, created_at) VALUES (52, 30, 'post', 'insert', 10, CURRENT_TIMESTAMP);
INSERT INTO point_log (point_id, user_id, type, action, fluctuation, created_at) VALUES (53, 11, 'comment', 'insert', 3, CURRENT_TIMESTAMP);
INSERT INTO point_log (point_id, user_id, type, action, fluctuation, created_at) VALUES (54, 23, 'comment', 'insert', 1, CURRENT_TIMESTAMP);
INSERT INTO point_log (point_id, user_id, type, action, fluctuation, created_at) VALUES (55, 8, 'post', 'delete', -1, CURRENT_TIMESTAMP);
INSERT INTO point_log (point_id, user_id, type, action, fluctuation, created_at) VALUES (56, 15, 'follow', 'insert', 3, CURRENT_TIMESTAMP);
INSERT INTO point_log (point_id, user_id, type, action, fluctuation, created_at) VALUES (57, 22, 'follow', 'insert', 1, CURRENT_TIMESTAMP);
INSERT INTO point_log (point_id, user_id, type, action, fluctuation, created_at) VALUES (58, 1, 'follow', 'insert', 1, CURRENT_TIMESTAMP);
INSERT INTO point_log (point_id, user_id, type, action, fluctuation, created_at) VALUES (59, 6, 'comment', 'delete', -10, CURRENT_TIMESTAMP);
INSERT INTO point_log (point_id, user_id, type, action, fluctuation, created_at) VALUES (60, 17, 'follow', 'delete', -2, CURRENT_TIMESTAMP);
INSERT INTO team_popularity (popularity_id, point, date, created_at, updated_at, team_id) VALUES (1, 127, '2025-07-30 00:00:00', CURRENT_TIMESTAMP, NULL, 1);
INSERT INTO team_popularity (popularity_id, point, date, created_at, updated_at, team_id) VALUES (2, 96, '2025-07-30 00:00:00', CURRENT_TIMESTAMP, NULL, 2);
INSERT INTO team_popularity (popularity_id, point, date, created_at, updated_at, team_id) VALUES (3, 114, '2025-07-30 00:00:00', CURRENT_TIMESTAMP, NULL, 3);
INSERT INTO team_popularity (popularity_id, point, date, created_at, updated_at, team_id) VALUES (4, 95, '2025-07-30 00:00:00', CURRENT_TIMESTAMP, NULL, 4);
INSERT INTO team_popularity (popularity_id, point, date, created_at, updated_at, team_id) VALUES (5, 83, '2025-07-30 00:00:00', CURRENT_TIMESTAMP, NULL, 5);
INSERT INTO team_popularity (popularity_id, point, date, created_at, updated_at, team_id) VALUES (6, 122, '2025-07-30 00:00:00', CURRENT_TIMESTAMP, NULL, 6);
INSERT INTO team_popularity (popularity_id, point, date, created_at, updated_at, team_id) VALUES (7, 134, '2025-07-30 00:00:00', CURRENT_TIMESTAMP, NULL, 7);
INSERT INTO team_popularity (popularity_id, point, date, created_at, updated_at, team_id) VALUES (8, 114, '2025-07-30 00:00:00', CURRENT_TIMESTAMP, NULL, 8);
INSERT INTO team_popularity (popularity_id, point, date, created_at, updated_at, team_id) VALUES (9, 147, '2025-07-30 00:00:00', CURRENT_TIMESTAMP, NULL, 9);
INSERT INTO team_popularity (popularity_id, point, date, created_at, updated_at, team_id) VALUES (10, 88, '2025-07-30 00:00:00', CURRENT_TIMESTAMP, NULL, 10);
INSERT INTO team_popularity (popularity_id, point, date, created_at, updated_at, team_id) VALUES (11, 113, '2025-07-31 00:00:00', CURRENT_TIMESTAMP, NULL, 1);
INSERT INTO team_popularity (popularity_id, point, date, created_at, updated_at, team_id) VALUES (12, 153, '2025-07-31 00:00:00', CURRENT_TIMESTAMP, NULL, 2);
INSERT INTO team_popularity (popularity_id, point, date, created_at, updated_at, team_id) VALUES (13, 160, '2025-07-31 00:00:00', CURRENT_TIMESTAMP, NULL, 3);
INSERT INTO team_popularity (popularity_id, point, date, created_at, updated_at, team_id) VALUES (14, 89, '2025-07-31 00:00:00', CURRENT_TIMESTAMP, NULL, 4);
INSERT INTO team_popularity (popularity_id, point, date, created_at, updated_at, team_id) VALUES (15, 143, '2025-07-31 00:00:00', CURRENT_TIMESTAMP, NULL, 5);
INSERT INTO team_popularity (popularity_id, point, date, created_at, updated_at, team_id) VALUES (16, 138, '2025-07-31 00:00:00', CURRENT_TIMESTAMP, NULL, 6);
INSERT INTO team_popularity (popularity_id, point, date, created_at, updated_at, team_id) VALUES (17, 145, '2025-07-31 00:00:00', CURRENT_TIMESTAMP, NULL, 7);
INSERT INTO team_popularity (popularity_id, point, date, created_at, updated_at, team_id) VALUES (18, 126, '2025-07-31 00:00:00', CURRENT_TIMESTAMP, NULL, 8);
INSERT INTO team_popularity (popularity_id, point, date, created_at, updated_at, team_id) VALUES (19, 87, '2025-07-31 00:00:00', CURRENT_TIMESTAMP, NULL, 9);
INSERT INTO team_popularity (popularity_id, point, date, created_at, updated_at, team_id) VALUES (20, 143, '2025-07-31 00:00:00', CURRENT_TIMESTAMP, NULL, 10);
INSERT INTO team_popularity (popularity_id, point, date, created_at, updated_at, team_id) VALUES (21, 152, '2025-08-01 00:00:00', CURRENT_TIMESTAMP, NULL, 1);
INSERT INTO team_popularity (popularity_id, point, date, created_at, updated_at, team_id) VALUES (22, 101, '2025-08-01 00:00:00', CURRENT_TIMESTAMP, NULL, 2);
INSERT INTO team_popularity (popularity_id, point, date, created_at, updated_at, team_id) VALUES (23, 127, '2025-08-01 00:00:00', CURRENT_TIMESTAMP, NULL, 3);
INSERT INTO team_popularity (popularity_id, point, date, created_at, updated_at, team_id) VALUES (24, 100, '2025-08-01 00:00:00', CURRENT_TIMESTAMP, NULL, 4);
INSERT INTO team_popularity (popularity_id, point, date, created_at, updated_at, team_id) VALUES (25, 112, '2025-08-01 00:00:00', CURRENT_TIMESTAMP, NULL, 5);
INSERT INTO team_popularity (popularity_id, point, date, created_at, updated_at, team_id) VALUES (26, 93, '2025-08-01 00:00:00', CURRENT_TIMESTAMP, NULL, 6);
INSERT INTO team_popularity (popularity_id, point, date, created_at, updated_at, team_id) VALUES (27, 153, '2025-08-01 00:00:00', CURRENT_TIMESTAMP, NULL, 7);
INSERT INTO team_popularity (popularity_id, point, date, created_at, updated_at, team_id) VALUES (28, 94, '2025-08-01 00:00:00', CURRENT_TIMESTAMP, NULL, 8);
INSERT INTO team_popularity (popularity_id, point, date, created_at, updated_at, team_id) VALUES (29, 109, '2025-08-01 00:00:00', CURRENT_TIMESTAMP, NULL, 9);
INSERT INTO team_popularity (popularity_id, point, date, created_at, updated_at, team_id) VALUES (30, 145, '2025-08-01 00:00:00', CURRENT_TIMESTAMP, NULL, 10);
INSERT INTO follow (follow_id, following_id, followed_id, created_at, is_deleted) VALUES (1, 1, 2, CURRENT_TIMESTAMP, FALSE);
INSERT INTO follow (follow_id, following_id, followed_id, created_at, is_deleted) VALUES (2, 1, 8, CURRENT_TIMESTAMP, FALSE);
INSERT INTO follow (follow_id, following_id, followed_id, created_at, is_deleted) VALUES (3, 1, 12, CURRENT_TIMESTAMP, FALSE);
INSERT INTO follow (follow_id, following_id, followed_id, created_at, is_deleted) VALUES (4, 1, 30, CURRENT_TIMESTAMP, FALSE);
INSERT INTO follow (follow_id, following_id, followed_id, created_at, is_deleted) VALUES (5, 2, 13, CURRENT_TIMESTAMP, FALSE);
INSERT INTO follow (follow_id, following_id, followed_id, created_at, is_deleted) VALUES (6, 2, 16, CURRENT_TIMESTAMP, FALSE);
INSERT INTO follow (follow_id, following_id, followed_id, created_at, is_deleted) VALUES (7, 2, 30, CURRENT_TIMESTAMP, FALSE);
INSERT INTO follow (follow_id, following_id, followed_id, created_at, is_deleted) VALUES (8, 3, 19, CURRENT_TIMESTAMP, FALSE);
INSERT INTO follow (follow_id, following_id, followed_id, created_at, is_deleted) VALUES (9, 3, 29, CURRENT_TIMESTAMP, FALSE);
INSERT INTO follow (follow_id, following_id, followed_id, created_at, is_deleted) VALUES (10, 5, 23, CURRENT_TIMESTAMP, FALSE);
INSERT INTO follow (follow_id, following_id, followed_id, created_at, is_deleted) VALUES (11, 6, 8, CURRENT_TIMESTAMP, FALSE);
INSERT INTO follow (follow_id, following_id, followed_id, created_at, is_deleted) VALUES (12, 6, 30, CURRENT_TIMESTAMP, FALSE);
INSERT INTO follow (follow_id, following_id, followed_id, created_at, is_deleted) VALUES (13, 7, 10, CURRENT_TIMESTAMP, FALSE);
INSERT INTO follow (follow_id, following_id, followed_id, created_at, is_deleted) VALUES (14, 7, 17, CURRENT_TIMESTAMP, FALSE);
INSERT INTO follow (follow_id, following_id, followed_id, created_at, is_deleted) VALUES (15, 7, 24, CURRENT_TIMESTAMP, FALSE);
INSERT INTO follow (follow_id, following_id, followed_id, created_at, is_deleted) VALUES (16, 8, 5, CURRENT_TIMESTAMP, FALSE);
INSERT INTO follow (follow_id, following_id, followed_id, created_at, is_deleted) VALUES (17, 8, 14, CURRENT_TIMESTAMP, FALSE);
INSERT INTO follow (follow_id, following_id, followed_id, created_at, is_deleted) VALUES (18, 8, 18, CURRENT_TIMESTAMP, FALSE);
INSERT INTO follow (follow_id, following_id, followed_id, created_at, is_deleted) VALUES (19, 8, 29, CURRENT_TIMESTAMP, FALSE);
INSERT INTO follow (follow_id, following_id, followed_id, created_at, is_deleted) VALUES (20, 9, 3, CURRENT_TIMESTAMP, FALSE);
INSERT INTO follow (follow_id, following_id, followed_id, created_at, is_deleted) VALUES (21, 9, 27, CURRENT_TIMESTAMP, FALSE);
INSERT INTO follow (follow_id, following_id, followed_id, created_at, is_deleted) VALUES (22, 10, 4, CURRENT_TIMESTAMP, FALSE);
INSERT INTO follow (follow_id, following_id, followed_id, created_at, is_deleted) VALUES (23, 10, 24, CURRENT_TIMESTAMP, FALSE);
INSERT INTO follow (follow_id, following_id, followed_id, created_at, is_deleted) VALUES (24, 10, 25, CURRENT_TIMESTAMP, FALSE);
INSERT INTO follow (follow_id, following_id, followed_id, created_at, is_deleted) VALUES (25, 11, 1, CURRENT_TIMESTAMP, FALSE);
INSERT INTO follow (follow_id, following_id, followed_id, created_at, is_deleted) VALUES (26, 11, 3, CURRENT_TIMESTAMP, FALSE);
INSERT INTO follow (follow_id, following_id, followed_id, created_at, is_deleted) VALUES (27, 11, 8, CURRENT_TIMESTAMP, FALSE);
INSERT INTO follow (follow_id, following_id, followed_id, created_at, is_deleted) VALUES (28, 12, 4, CURRENT_TIMESTAMP, FALSE);
INSERT INTO follow (follow_id, following_id, followed_id, created_at, is_deleted) VALUES (29, 12, 13, CURRENT_TIMESTAMP, FALSE);
INSERT INTO follow (follow_id, following_id, followed_id, created_at, is_deleted) VALUES (30, 12, 21, CURRENT_TIMESTAMP, FALSE);
INSERT INTO follow (follow_id, following_id, followed_id, created_at, is_deleted) VALUES (31, 13, 28, CURRENT_TIMESTAMP, FALSE);
INSERT INTO follow (follow_id, following_id, followed_id, created_at, is_deleted) VALUES (32, 14, 1, CURRENT_TIMESTAMP, FALSE);
INSERT INTO follow (follow_id, following_id, followed_id, created_at, is_deleted) VALUES (33, 14, 8, CURRENT_TIMESTAMP, FALSE);
INSERT INTO follow (follow_id, following_id, followed_id, created_at, is_deleted) VALUES (34, 14, 23, CURRENT_TIMESTAMP, FALSE);
INSERT INTO follow (follow_id, following_id, followed_id, created_at, is_deleted) VALUES (35, 14, 30, CURRENT_TIMESTAMP, FALSE);
INSERT INTO follow (follow_id, following_id, followed_id, created_at, is_deleted) VALUES (36, 15, 12, CURRENT_TIMESTAMP, FALSE);
INSERT INTO follow (follow_id, following_id, followed_id, created_at, is_deleted) VALUES (37, 15, 24, CURRENT_TIMESTAMP, FALSE);
INSERT INTO follow (follow_id, following_id, followed_id, created_at, is_deleted) VALUES (38, 15, 28, CURRENT_TIMESTAMP, FALSE);
INSERT INTO follow (follow_id, following_id, followed_id, created_at, is_deleted) VALUES (39, 16, 2, CURRENT_TIMESTAMP, FALSE);
INSERT INTO follow (follow_id, following_id, followed_id, created_at, is_deleted) VALUES (40, 17, 22, CURRENT_TIMESTAMP, FALSE);
INSERT INTO follow (follow_id, following_id, followed_id, created_at, is_deleted) VALUES (41, 18, 15, CURRENT_TIMESTAMP, FALSE);
INSERT INTO follow (follow_id, following_id, followed_id, created_at, is_deleted) VALUES (42, 18, 26, CURRENT_TIMESTAMP, FALSE);
INSERT INTO follow (follow_id, following_id, followed_id, created_at, is_deleted) VALUES (43, 19, 16, CURRENT_TIMESTAMP, FALSE);
INSERT INTO follow (follow_id, following_id, followed_id, created_at, is_deleted) VALUES (44, 19, 26, CURRENT_TIMESTAMP, FALSE);
INSERT INTO follow (follow_id, following_id, followed_id, created_at, is_deleted) VALUES (45, 20, 8, CURRENT_TIMESTAMP, FALSE);
INSERT INTO follow (follow_id, following_id, followed_id, created_at, is_deleted) VALUES (46, 24, 11, CURRENT_TIMESTAMP, FALSE);
INSERT INTO follow (follow_id, following_id, followed_id, created_at, is_deleted) VALUES (47, 24, 21, CURRENT_TIMESTAMP, FALSE);
INSERT INTO follow (follow_id, following_id, followed_id, created_at, is_deleted) VALUES (48, 25, 22, CURRENT_TIMESTAMP, FALSE);
INSERT INTO follow (follow_id, following_id, followed_id, created_at, is_deleted) VALUES (49, 25, 26, CURRENT_TIMESTAMP, FALSE);
INSERT INTO follow (follow_id, following_id, followed_id, created_at, is_deleted) VALUES (50, 26, 17, CURRENT_TIMESTAMP, FALSE);
INSERT INTO follow (follow_id, following_id, followed_id, created_at, is_deleted) VALUES (51, 27, 23, CURRENT_TIMESTAMP, FALSE);
INSERT INTO follow (follow_id, following_id, followed_id, created_at, is_deleted) VALUES (52, 28, 2, CURRENT_TIMESTAMP, FALSE);
INSERT INTO follow (follow_id, following_id, followed_id, created_at, is_deleted) VALUES (53, 28, 10, CURRENT_TIMESTAMP, FALSE);
INSERT INTO follow (follow_id, following_id, followed_id, created_at, is_deleted) VALUES (54, 28, 17, CURRENT_TIMESTAMP, FALSE);
INSERT INTO follow (follow_id, following_id, followed_id, created_at, is_deleted) VALUES (55, 29, 1, CURRENT_TIMESTAMP, FALSE);
INSERT INTO follow (follow_id, following_id, followed_id, created_at, is_deleted) VALUES (56, 29, 2, CURRENT_TIMESTAMP, FALSE);
INSERT INTO follow (follow_id, following_id, followed_id, created_at, is_deleted) VALUES (57, 29, 12, CURRENT_TIMESTAMP, FALSE);
INSERT INTO follow (follow_id, following_id, followed_id, created_at, is_deleted) VALUES (58, 29, 18, CURRENT_TIMESTAMP, FALSE);
INSERT INTO follow (follow_id, following_id, followed_id, created_at, is_deleted) VALUES (59, 30, 5, CURRENT_TIMESTAMP, FALSE);
INSERT INTO follow (follow_id, following_id, followed_id, created_at, is_deleted) VALUES (60, 30, 23, CURRENT_TIMESTAMP, FALSE);
INSERT INTO post_attachment (attachment_id, file_name, file_url, file_size, uploaded_at, is_deleted, type) VALUES (1, 'f1.dat', 'https://s.io/f/1.dat', 314491, CURRENT_TIMESTAMP, FALSE, '게시글');
INSERT INTO post_attachment (attachment_id, file_name, file_url, file_size, uploaded_at, is_deleted, type) VALUES (2, 'f2.dat', 'https://s.io/f/2.dat', 274989, CURRENT_TIMESTAMP, FALSE, '게시글');
INSERT INTO post_attachment (attachment_id, file_name, file_url, file_size, uploaded_at, is_deleted, type) VALUES (3, 'f3.dat', 'https://s.io/f/3.dat', 344084, CURRENT_TIMESTAMP, FALSE, '댓글');
INSERT INTO post_attachment (attachment_id, file_name, file_url, file_size, uploaded_at, is_deleted, type) VALUES (4, 'f4.dat', 'https://s.io/f/4.dat', 49232, CURRENT_TIMESTAMP, FALSE, '다이어리');
INSERT INTO post_attachment (attachment_id, file_name, file_url, file_size, uploaded_at, is_deleted, type) VALUES (5, 'f5.dat', 'https://s.io/f/5.dat', 307701, CURRENT_TIMESTAMP, FALSE, '친구찾기_게시글');
INSERT INTO post_attachment (attachment_id, file_name, file_url, file_size, uploaded_at, is_deleted, type) VALUES (6, 'f6.dat', 'https://s.io/f/6.dat', 238056, CURRENT_TIMESTAMP, FALSE, '게시글');
INSERT INTO post_attachment (attachment_id, file_name, file_url, file_size, uploaded_at, is_deleted, type) VALUES (7, 'f7.dat', 'https://s.io/f/7.dat', 78528, CURRENT_TIMESTAMP, FALSE, '친구찾기_댓글');
INSERT INTO post_attachment (attachment_id, file_name, file_url, file_size, uploaded_at, is_deleted, type) VALUES (8, 'f8.dat', 'https://s.io/f/8.dat', 162922, CURRENT_TIMESTAMP, FALSE, '댓글');
INSERT INTO post_attachment (attachment_id, file_name, file_url, file_size, uploaded_at, is_deleted, type) VALUES (9, 'f9.dat', 'https://s.io/f/9.dat', 456123, CURRENT_TIMESTAMP, FALSE, '관리자_공지');
INSERT INTO post_attachment (attachment_id, file_name, file_url, file_size, uploaded_at, is_deleted, type) VALUES (10, 'f10.dat', 'https://s.io/f/10.dat', 495512, CURRENT_TIMESTAMP, FALSE, '관리자_공지');
INSERT INTO post_attachment (attachment_id, file_name, file_url, file_size, uploaded_at, is_deleted, type) VALUES (11, 'f11.dat', 'https://s.io/f/11.dat', 377382, CURRENT_TIMESTAMP, FALSE, '다이어리');
INSERT INTO post_attachment (attachment_id, file_name, file_url, file_size, uploaded_at, is_deleted, type) VALUES (12, 'f12.dat', 'https://s.io/f/12.dat', 181049, CURRENT_TIMESTAMP, FALSE, '친구찾기_댓글');
INSERT INTO post_attachment (attachment_id, file_name, file_url, file_size, uploaded_at, is_deleted, type) VALUES (13, 'f13.dat', 'https://s.io/f/13.dat', 247375, CURRENT_TIMESTAMP, FALSE, '관리자_공지');
INSERT INTO post_attachment (attachment_id, file_name, file_url, file_size, uploaded_at, is_deleted, type) VALUES (14, 'f14.dat', 'https://s.io/f/14.dat', 132479, CURRENT_TIMESTAMP, FALSE, '관리자_공지');
INSERT INTO post_attachment (attachment_id, file_name, file_url, file_size, uploaded_at, is_deleted, type) VALUES (15, 'f15.dat', 'https://s.io/f/15.dat', 116279, CURRENT_TIMESTAMP, FALSE, '게시글');
INSERT INTO post_attachment (attachment_id, file_name, file_url, file_size, uploaded_at, is_deleted, type) VALUES (16, 'f16.dat', 'https://s.io/f/16.dat', 418911, CURRENT_TIMESTAMP, FALSE, '댓글');
INSERT INTO post_attachment (attachment_id, file_name, file_url, file_size, uploaded_at, is_deleted, type) VALUES (17, 'f17.dat', 'https://s.io/f/17.dat', 67133, CURRENT_TIMESTAMP, FALSE, '친구찾기_게시글');
INSERT INTO post_attachment (attachment_id, file_name, file_url, file_size, uploaded_at, is_deleted, type) VALUES (18, 'f18.dat', 'https://s.io/f/18.dat', 65395, CURRENT_TIMESTAMP, FALSE, '댓글');
INSERT INTO post_attachment (attachment_id, file_name, file_url, file_size, uploaded_at, is_deleted, type) VALUES (19, 'f19.dat', 'https://s.io/f/19.dat', 245702, CURRENT_TIMESTAMP, FALSE, '댓글');
INSERT INTO post_attachment (attachment_id, file_name, file_url, file_size, uploaded_at, is_deleted, type) VALUES (20, 'f20.dat', 'https://s.io/f/20.dat', 174643, CURRENT_TIMESTAMP, FALSE, '다이어리');
COMMIT;